date,symbol,open,high,low,close,volume
2020-07-29,ACLBSL,345.6052,377.8617,345.6052,377.8617,80.0
2020-07-30,ACLBSL,384.7738,415.4943,384.7738,415.4943,90.0
2020-08-02,ACLBSL,423.1744,456.9669,423.1744,456.9669,230.0
2020-08-03,ACLBSL,465.415,502.2796,465.415,502.2796,776.0
2020-08-05,ACLBSL,512.2637,552.2003,512.2637,552.2003,4522.0
2020-08-06,ACLBSL,579.0807,606.7291,549.1283,552.2003,31843.0
2020-08-09,ACLBSL,579.0807,579.0807,513.7997,531.464,9707.0
2020-08-10,ACLBSL,527.624,584.4568,526.0879,572.9366,11646.0
2020-08-11,ACLBSL,562.1845,572.9366,529.928,551.4323,5870.0
2020-08-12,ACLBSL,541.4482,559.8804,537.6081,541.4482,3534.0
2020-08-13,ACLBSL,531.464,576.7767,531.464,552.9683,7146.0
2020-08-16,ACLBSL,542.2162,545.2882,522.2479,533.768,5746.0
2020-08-17,ACLBSL,543.7522,562.1845,524.5519,551.4323,4011.0
2020-08-18,ACLBSL,540.6802,545.2882,534.5361,545.2882,2177.0
2020-08-19,ACLBSL,535.3041,535.3041,527.624,529.928,4465.0
2020-08-20,ACLBSL,539.9121,539.9121,522.2479,533.0,2401.0
2020-08-23,ACLBSL,533.0,548.3603,523.0159,548.3603,4104.0
2020-08-24,ACLBSL,543.7522,554.5044,538.3761,552.2003,5291.0
2020-08-25,ACLBSL,552.9683,572.1686,541.4482,550.6643,3897.0
2020-08-26,ACLBSL,541.4482,554.5044,541.4482,548.3603,4609.0
2020-08-27,ACLBSL,545.2882,552.2003,539.1441,544.5202,2704.0
2020-08-30,ACLBSL,523.0159,544.5202,523.0159,539.9121,1688.0
2020-08-31,ACLBSL,541.4482,546.0562,537.6081,540.6802,5805.0
2020-09-02,ACLBSL,546.8242,556.0404,538.3761,542.2162,4545.0
2020-09-03,ACLBSL,535.3041,541.4482,533.768,540.6802,4522.0
2020-09-06,ACLBSL,567.5606,567.5606,535.3041,539.1441,5536.0
2020-09-07,ACLBSL,537.6081,544.5202,530.696,544.5202,4312.0
2020-09-08,ACLBSL,545.2882,550.6643,538.3761,544.5202,5292.0
2020-09-09,ACLBSL,555.2724,598.281,547.5923,595.209,24756.0
2020-09-10,ACLBSL,624.3934,624.3934,584.4568,600.5851,11276.0
2020-09-13,ACLBSL,600.5851,600.5851,578.3127,593.673,12177.0
2020-09-14,ACLBSL,583.6888,590.6009,566.0245,583.6888,12353.0
2020-09-15,ACLBSL,576.0087,587.5289,564.4885,574.4727,3362.0
2020-09-16,ACLBSL,585.2248,596.745,564.4885,572.1686,5457.0
2020-09-17,ACLBSL,572.1686,591.3689,568.3286,579.0807,8523.0
2020-09-20,ACLBSL,590.6009,591.3689,568.3286,569.0966,3455.0
2020-09-21,ACLBSL,569.0966,572.1686,565.2565,569.0966,2758.0
2020-09-22,ACLBSL,569.0966,569.0966,556.8084,563.7205,5813.0
2020-09-23,ACLBSL,553.7363,573.7047,553.7363,568.3286,2153.0
2020-09-24,ACLBSL,559.1124,568.3286,559.1124,566.7925,3241.0
2021-01-10,ACLBSL,577.5447,622.8574,577.5447,622.8574,635.0
2021-01-11,ACLBSL,635.1456,685.0663,635.1456,685.0663,380.0
2021-01-12,ACLBSL,698.1225,753.4194,698.1225,753.4194,396.0
2021-01-13,ACLBSL,791.0519,828.6845,791.0519,828.6845,6884.0
2021-01-17,ACLBSL,869.3891,910.8617,869.3891,910.8617,3217.0
2021-01-18,ACLBSL,956.1744,1001.4871,956.1744,1001.4871,50943.0
2021-01-19,ACLBSL,1051.4079,1101.3286,1011.4713,1037.5836,25751.0
2021-01-20,ACLBSL,1038.3517,1061.392,1001.4871,1022.9914,12093.0
2021-01-21,ACLBSL,1036.8156,1043.7277,1017.6153,1041.4237,13447.0
2021-01-24,ACLBSL,1052.1759,1059.856,1032.9756,1051.4079,14177.0
2021-01-25,ACLBSL,1051.4079,1061.392,1030.6715,1032.2076,9187.0
2021-01-26,ACLBSL,1052.1759,1052.1759,1014.5433,1016.0793,8347.0
2021-01-27,ACLBSL,1066.7681,1117.4568,1054.4799,1117.4568,30426.0
2021-01-28,ACLBSL,1172.7537,1228.8185,1172.7537,1228.8185,10612.0
2021-01-31,ACLBSL,1290.2595,1320.9799,1204.2422,1212.6903,25665.0
2021-02-01,ACLBSL,1236.4986,1236.4986,1180.4338,1187.3459,17175.0
2021-02-02,ACLBSL,1228.8185,1237.2667,1165.0736,1226.5145,15467.0
2021-02-03,ACLBSL,1243.4107,1257.235,1191.186,1209.6182,12141.0
2021-02-04,ACLBSL,1228.8185,1239.5707,1185.8099,1230.3546,17021.0
2021-02-07,ACLBSL,1291.7955,1353.2364,1260.307,1353.2364,18899.0
2021-02-08,ACLBSL,1420.8214,1488.4064,1383.9569,1426.1975,27969.0
2021-02-09,ACLBSL,1420.8214,1443.0938,1344.0203,1377.0448,11474.0
2021-02-10,ACLBSL,1377.0448,1381.6528,1327.124,1355.5404,8090.0
2021-02-11,ACLBSL,1382.4208,1382.4208,1267.2191,1290.2595,10266.0
2021-02-14,ACLBSL,1271.0592,1277.9713,1183.5058,1224.9785,11494.0
2021-02-15,ACLBSL,1248.7868,1347.0923,1248.7868,1347.0923,6306.0
2021-02-16,ACLBSL,1382.4208,1437.7177,1328.66,1344.0203,9202.0
2021-02-17,ACLBSL,1344.0203,1344.0203,1297.9396,1315.6038,7176.0
2021-02-18,ACLBSL,1305.6197,1305.6197,1282.5793,1301.0116,4514.0
2021-02-21,ACLBSL,1275.6672,1305.6197,1259.539,1274.8992,4992.0
2021-02-22,ACLBSL,1260.307,1305.6197,1251.8589,1292.5635,5037.0
2021-02-23,ACLBSL,1267.2191,1305.6197,1218.8344,1301.7796,8640.0
2021-02-24,ACLBSL,1305.6197,1305.6197,1228.8185,1244.1788,16510.0
2021-02-25,ACLBSL,1306.3877,1306.3877,1175.8257,1209.6182,10947.0
2021-02-28,ACLBSL,1186.5779,1198.0981,1144.3373,1148.1773,8552.0
2021-03-01,ACLBSL,1128.977,1217.2984,1103.6326,1186.5779,7835.0
2021-03-02,ACLBSL,1186.5779,1221.1384,1142.0332,1144.3373,4294.0
2021-03-03,ACLBSL,1122.0649,1136.6571,1099.7926,1124.369,6086.0
2021-03-04,ACLBSL,1143.5692,1189.6499,1128.977,1178.1298,4716.0
2021-03-07,ACLBSL,1190.4179,1190.4179,1153.5534,1171.2177,2128.0
2021-03-09,ACLBSL,1171.2177,1171.2177,1140.4972,1144.3373,3833.0
2021-03-10,ACLBSL,1128.977,1182.7378,1121.2969,1182.7378,3480.0
2021-03-14,ACLBSL,1159.6975,1175.0577,1121.2969,1135.8891,2244.0
2021-03-15,ACLBSL,1157.3935,1157.3935,1098.2566,1109.7767,2860.0
2021-03-16,ACLBSL,1088.2724,1152.0174,1088.2724,1109.0087,5082.0
2021-03-17,ACLBSL,1102.0966,1132.8171,1092.8805,1132.8171,3673.0
2021-03-18,ACLBSL,1152.0174,1182.7378,1129.745,1182.7378,7926.0
2021-03-21,ACLBSL,1182.7378,1267.2191,1181.9698,1261.075,10490.0
2021-03-22,ACLBSL,1267.2191,1285.6514,1213.4583,1213.4583,7852.0
2021-03-23,ACLBSL,1228.8185,1242.6427,1209.6182,1240.3387,7084.0
2021-03-24,ACLBSL,1248.7868,1267.2191,1230.3546,1264.1471,7179.0
2021-03-25,ACLBSL,1327.124,1327.124,1244.9468,1244.9468,10156.0
2021-03-29,ACLBSL,1263.379,1267.9871,1232.6586,1241.8747,8869.0
2021-03-30,ACLBSL,1241.8747,1287.9554,1241.8747,1280.2753,21019.0
2021-03-31,ACLBSL,1343.4208,1345.9288,1316.6695,1317.5054,11198.0
2021-04-01,ACLBSL,1320.8494,1336.733,1299.9498,1307.4737,3773.0
2021-04-04,ACLBSL,1309.1456,1316.6695,1279.0503,1289.9181,5901.0
2021-04-05,ACLBSL,1289.9181,1314.9975,1279.0503,1304.1297,3330.0
2021-04-06,ACLBSL,1295.7699,1330.0451,1283.2302,1308.3096,4465.0
2021-04-07,ACLBSL,1325.0293,1350.1087,1312.4896,1316.6695,7135.0
2021-04-08,ACLBSL,1336.733,1354.2886,1321.6853,1351.7806,11080.0
2021-04-12,ACLBSL,1358.4685,1421.167,1354.2886,1400.2675,12581.0
2021-04-13,ACLBSL,1421.167,1421.167,1375.1881,1387.7278,11203.0
2021-04-15,ACLBSL,1374.3521,1387.7278,1368.5003,1370.1722,6479.0
2021-04-18,ACLBSL,1379.368,1379.368,1341.7489,1341.7489,5525.0
2021-04-19,ACLBSL,1325.0293,1362.6484,1315.8335,1320.0134,4012.0
2021-04-20,ACLBSL,1294.098,1375.1881,1279.8863,1322.5213,7240.0
2021-04-21,ACLBSL,1329.2092,1337.569,1312.4896,1313.3255,4153.0
2021-04-22,ACLBSL,1313.3255,1340.9129,1299.9498,1337.569,6445.0
2021-04-25,ACLBSL,1354.2886,1386.8918,1286.5742,1305.8017,15888.0
2021-04-26,ACLBSL,1279.8863,1333.3891,1230.5635,1282.3942,6230.0
2021-04-27,ACLBSL,1295.7699,1337.569,1287.4101,1333.3891,5004.0
2021-04-28,ACLBSL,1358.4685,1358.4685,1299.9498,1320.8494,3183.0
2021-04-29,ACLBSL,1320.8494,1332.5531,1306.6377,1323.3573,1419.0
2021-05-02,ACLBSL,1342.5849,1344.2568,1320.8494,1341.7489,7610.0
2021-05-03,ACLBSL,1364.3203,1364.3203,1337.569,1341.7489,7444.0
2021-05-04,ACLBSL,1320.8494,1378.532,1320.8494,1378.532,11581.0
2021-05-05,ACLBSL,1447.0824,1447.0824,1371.8442,1396.0876,13725.0
2021-05-06,ACLBSL,1396.0876,1400.2675,1361.8124,1372.6802,9289.0
2021-05-09,ACLBSL,1372.6802,1372.6802,1333.3891,1347.6007,4566.0
2021-05-10,ACLBSL,1345.9288,1367.6643,1329.2092,1354.2886,4006.0
2021-05-11,ACLBSL,1345.9288,1379.368,1345.9288,1366.8283,5683.0
2021-05-12,ACLBSL,1362.6484,1367.6643,1345.9288,1352.6166,2373.0
2021-05-13,ACLBSL,1345.9288,1391.9077,1337.569,1362.6484,3315.0
2021-05-16,ACLBSL,1387.7278,1401.9395,1363.4844,1401.9395,17984.0
2021-05-17,ACLBSL,1406.9554,1425.3469,1387.7278,1404.4474,10379.0
2021-05-18,ACLBSL,1416.9871,1492.2254,1400.2675,1488.0455,37400.0
2021-05-19,ACLBSL,1496.4053,1521.4847,1476.3417,1504.7651,18484.0
2021-05-20,ACLBSL,1476.3417,1503.9291,1463.802,1503.9291,18960.0
2021-05-23,ACLBSL,1429.5268,1496.4053,1429.5268,1471.3259,11244.0
2021-05-24,ACLBSL,1494.7333,1496.4053,1426.1829,1446.2464,17969.0
2021-05-25,ACLBSL,1446.2464,1462.9661,1428.6909,1429.5268,6141.0
2021-05-27,ACLBSL,1358.4685,1391.0717,1308.3096,1365.1563,28630.0
2021-05-30,ACLBSL,1379.368,1379.368,1329.2092,1341.7489,11095.0
2021-05-31,ACLBSL,1342.5849,1357.6325,1330.0451,1332.5531,7007.0
2021-06-01,ACLBSL,1337.569,1337.569,1325.8652,1335.061,3529.0
2021-06-02,ACLBSL,1337.569,1345.9288,1325.8652,1343.4208,7333.0
2021-06-03,ACLBSL,1333.3891,1391.9077,1333.3891,1362.6484,7343.0
2021-06-06,ACLBSL,1383.5479,1396.0876,1368.5003,1371.0082,7439.0
2021-06-07,ACLBSL,1354.2886,1379.368,1350.1087,1350.1087,3200.0
2021-06-08,ACLBSL,1339.2409,1358.4685,1339.2409,1342.5849,4464.0
2021-06-09,ACLBSL,1339.2409,1362.6484,1339.2409,1344.2568,4443.0
2021-06-10,ACLBSL,1337.569,1358.4685,1325.0293,1337.569,6794.0
2021-06-13,ACLBSL,1311.6536,1364.3203,1311.6536,1325.8652,3569.0
2021-06-14,ACLBSL,1325.8652,1337.569,1310.8176,1312.4896,5057.0
2021-06-15,ACLBSL,1325.0293,1337.569,1302.4578,1304.1297,6820.0
2021-06-16,ACLBSL,1280.7223,1405.2834,1280.7223,1347.6007,10167.0
2021-06-17,ACLBSL,1365.9923,1365.9923,1325.0293,1329.2092,2889.0
2021-06-20,ACLBSL,1329.2092,1350.1087,1294.934,1299.9498,5166.0
2021-06-21,ACLBSL,1283.2302,1313.3255,1281.5583,1281.5583,3923.0
2021-06-22,ACLBSL,1283.2302,1304.1297,1270.6905,1279.0503,6308.0
2021-06-23,ACLBSL,1279.0503,1287.4101,1254.8069,1264.8387,3715.0
2021-06-24,ACLBSL,1264.8387,1266.5106,1237.2513,1247.2831,2946.0
2021-06-27,ACLBSL,1230.5635,1249.791,1230.5635,1241.4312,1930.0
2021-06-28,ACLBSL,1253.1349,1314.9975,1233.9074,1287.4101,4564.0
2021-06-29,ACLBSL,1312.4896,1345.9288,1287.4101,1288.2461,5281.0
2021-06-30,ACLBSL,1287.4101,1291.59,1266.5106,1279.0503,1843.0
2021-07-01,ACLBSL,1279.0503,1304.1297,1275.7064,1279.8863,1206.0
2021-07-04,ACLBSL,1270.6905,1291.59,1266.5106,1279.0503,1586.0
2021-07-05,ACLBSL,1262.3307,1279.0503,1262.3307,1267.3466,4028.0
2021-07-06,ACLBSL,1267.3466,1278.2143,1253.9709,1262.3307,1215.0
2021-07-07,ACLBSL,1238.0873,1288.2461,1238.0873,1253.9709,3199.0
2021-07-08,ACLBSL,1253.9709,1287.4101,1245.6111,1272.3625,1734.0
2021-07-11,ACLBSL,1297.4419,1322.5213,1288.2461,1312.4896,2522.0
2021-07-12,ACLBSL,1337.569,1337.569,1286.5742,1286.5742,2946.0
2021-07-13,ACLBSL,1286.5742,1316.6695,1286.5742,1297.4419,1558.0
2021-07-14,ACLBSL,1279.0503,1320.8494,1279.0503,1311.6536,1983.0
2021-07-15,ACLBSL,1311.6536,1320.8494,1296.6059,1315.8335,890.0
2021-07-18,ACLBSL,1337.569,1366.8283,1337.569,1362.6484,5852.0
2021-07-19,ACLBSL,1389.9014,1396.0876,1343.4208,1379.368,5609.0
2021-07-20,ACLBSL,1406.9554,1406.9554,1362.6484,1375.1881,2144.0
2021-07-22,ACLBSL,1358.4685,1379.368,1355.1246,1372.6802,3876.0
2021-07-25,ACLBSL,1362.6484,1449.5904,1362.6484,1449.5904,20928.0
2021-07-26,ACLBSL,1421.167,1458.7862,1421.167,1447.0824,10572.0
2021-07-27,ACLBSL,1421.167,1427.8549,1377.696,1412.8072,10103.0
2021-07-28,ACLBSL,1427.0189,1450.4264,1405.2834,1418.6591,9621.0
2021-07-29,ACLBSL,1416.9871,1425.3469,1391.9077,1396.0876,8029.0
2021-08-01,ACLBSL,1421.167,1424.0094,1383.5479,1391.9077,9190.0
2021-08-02,ACLBSL,1419.4951,1419.4951,1393.5797,1400.3511,5226.0
2021-08-03,ACLBSL,1421.167,1462.9661,1412.8072,1444.5745,17946.0
2021-08-04,ACLBSL,1472.9978,1563.2837,1446.2464,1447.9184,22833.0
2021-08-05,ACLBSL,1418.9935,1479.6857,1418.9935,1438.7226,11249.0
2021-08-08,ACLBSL,1438.7226,1445.4105,1417.8231,1418.6591,5075.0
2021-08-09,ACLBSL,1446.2464,1446.2464,1380.204,1380.204,5028.0
2021-08-10,ACLBSL,1352.6166,1421.167,1352.6166,1407.7913,5564.0
2021-08-11,ACLBSL,1404.4474,1420.331,1396.0876,1396.3384,2601.0
2021-08-12,ACLBSL,1396.0876,1396.0876,1376.8601,1383.5479,4889.0
2021-08-15,ACLBSL,1391.9077,1433.6231,1379.368,1412.8072,6338.0
2021-08-16,ACLBSL,1387.7278,1429.4432,1385.3035,1414.4792,7443.0
2021-08-17,ACLBSL,1393.5797,1404.4474,1393.5797,1394.4156,2275.0
2021-08-18,ACLBSL,1371.0082,1400.2675,1371.0082,1392.7437,2530.0
2021-08-19,ACLBSL,1387.7278,1425.3469,1382.0431,1398.0104,5752.0
2021-08-24,ACLBSL,1379.368,1421.167,1379.368,1390.2357,3851.0
2021-08-25,ACLBSL,1387.7278,1400.2675,1379.368,1379.4516,3469.0
2021-08-26,ACLBSL,1379.368,1397.7596,1355.1246,1370.1722,2814.0
2021-08-29,ACLBSL,1371.0082,1397.7596,1347.6007,1355.1246,7040.0
2021-08-31,ACLBSL,1337.569,1341.7489,1312.4896,1320.8494,3501.0
2021-09-01,ACLBSL,1312.4896,1350.1087,1312.4896,1321.6853,2650.0
2021-09-02,ACLBSL,1321.6853,1348.8547,1287.4101,1291.59,3189.0
2021-09-05,ACLBSL,1279.0503,1279.0503,1240.5952,1253.9709,4265.0
2021-09-06,ACLBSL,1253.9709,1295.7699,1245.6111,1287.4101,3350.0
2021-09-07,ACLBSL,1287.4101,1287.4101,1249.791,1262.3307,2040.0
2021-09-08,ACLBSL,1245.6111,1278.9667,1245.6111,1262.3307,2919.0
2021-09-09,ACLBSL,1266.5106,1287.4101,1253.9709,1254.8069,3672.0
2021-09-12,ACLBSL,1266.5106,1287.4101,1254.8069,1275.7064,1624.0
2021-09-13,ACLBSL,1279.0503,1301.2038,1262.3307,1270.6905,1240.0
2021-09-14,ACLBSL,1294.8504,1294.8504,1258.1508,1269.8545,1702.0
2021-09-15,ACLBSL,1253.9709,1266.5106,1253.9709,1256.4788,855.0
2021-09-16,ACLBSL,1233.0714,1253.1349,1228.8915,1253.1349,2298.0
2021-09-20,ACLBSL,1228.8915,1256.4788,1172.1284,1192.9443,3432.0
2021-09-21,ACLBSL,1169.5369,1213.8438,1146.9654,1194.6163,1514.0
2021-09-22,ACLBSL,1218.4417,1245.6111,1216.3518,1223.0396,1440.0
2021-09-23,ACLBSL,1247.2831,1272.3625,1189.6004,1191.356,2128.0
2021-09-26,ACLBSL,1195.5359,1195.9539,1167.8649,1167.8649,2435.0
2021-09-27,ACLBSL,1170.3728,1170.3728,1128.5738,1134.4257,1740.0
2021-09-28,ACLBSL,1111.8542,1133.5897,1106.0859,1111.0182,1611.0
2021-09-29,ACLBSL,1095.1346,1159.6723,1095.1346,1127.7378,1429.0
2021-09-30,ACLBSL,1149.4733,1170.3728,1128.5738,1132.7537,2923.0
2021-10-03,ACLBSL,1116.1177,1141.1135,1116.1177,1129.4098,792.0
2021-10-04,ACLBSL,1108.5103,1166.1929,1108.5103,1157.8331,1324.0
2021-10-05,ACLBSL,1180.4046,1203.8121,1178.7327,1202.8925,2016.0
2021-10-06,ACLBSL,1226.2999,1294.934,1226.2999,1283.2302,5858.0
2021-10-10,ACLBSL,1308.3096,1308.3096,1228.8915,1241.4312,1887.0
2021-10-11,ACLBSL,1218.0237,1218.0237,1178.7327,1210.4999,1391.0
2021-10-17,ACLBSL,1234.6598,1253.9709,1220.6153,1245.6111,541.0
2021-10-18,ACLBSL,1224.7952,1233.0714,1191.2724,1203.8121,1634.0
2021-10-19,ACLBSL,1182.9126,1185.4205,1136.9336,1149.4733,2773.0
2021-10-20,ACLBSL,1170.3728,1187.0925,1148.6374,1169.5369,998.0
2021-10-21,ACLBSL,1154.4892,1174.5528,1154.4892,1167.1125,736.0
2021-10-24,ACLBSL,1170.3728,1193.7803,1166.1929,1193.7803,723.0
2021-10-25,ACLBSL,1203.8121,1299.2811,1202.9761,1269.8545,3358.0
2021-10-26,ACLBSL,1245.6111,1315.8335,1245.6111,1289.5837,2116.0
2021-10-27,ACLBSL,1287.4101,1287.4101,1249.373,1255.6429,2262.0
2021-10-28,ACLBSL,1280.6387,1287.4101,1254.8069,1274.8704,1481.0
2021-10-31,ACLBSL,1279.0503,1367.6643,1262.3307,1367.6643,7264.0
2021-11-01,ACLBSL,1387.7278,1387.7278,1266.5106,1354.2886,4947.0
2021-11-02,ACLBSL,1337.569,1337.569,1310.8176,1337.569,1442.0
2021-11-03,ACLBSL,1316.6695,1362.6484,1316.6695,1316.7531,2440.0
2021-11-08,ACLBSL,1312.4896,1328.3732,1287.4101,1287.4101,1528.0
2021-11-09,ACLBSL,1287.4101,1312.4896,1212.5063,1224.7116,2826.0
2021-11-11,ACLBSL,1224.7116,1248.955,1153.6532,1207.992,1437.0
2021-11-14,ACLBSL,1228.8915,1228.8915,1185.5877,1195.4523,1080.0
2021-11-15,ACLBSL,1204.6481,1210.4999,1190.52,1210.4999,2338.0
2021-11-16,ACLBSL,1233.9074,1233.9074,1191.2724,1202.2237,1102.0
2021-11-17,ACLBSL,1226.2164,1245.6111,1197.9602,1215.4322,2445.0
2021-11-18,ACLBSL,1239.6756,1262.3307,1182.0766,1196.2882,1321.0
2021-11-21,ACLBSL,1197.1242,1197.1242,1182.9126,1187.9284,570.0
2021-11-22,ACLBSL,1187.9284,1195.4523,1174.5528,1195.4523,965.0
2021-11-23,ACLBSL,1187.0925,1188.7644,1174.6363,1179.5686,783.0
2021-11-24,ACLBSL,1170.3728,1191.2724,1170.3728,1191.1888,2049.0
2021-11-25,ACLBSL,1214.6798,1214.6798,1167.4469,1170.3728,768.0
2021-11-28,ACLBSL,1168.7009,1168.7009,1126.0659,1136.9336,1014.0
2021-11-29,ACLBSL,1157.8331,1157.8331,1120.2976,1136.9336,1861.0
2021-11-30,ACLBSL,1136.9336,1158.6691,1114.3621,1154.4892,911.0
2021-12-01,ACLBSL,1136.9336,1149.4733,1136.9336,1138.6056,200.0
2021-12-02,ACLBSL,1128.5738,1128.5738,1103.4944,1111.8542,1594.0
2021-12-05,ACLBSL,1090.9547,1111.8542,1070.0552,1078.415,1799.0
2021-12-06,ACLBSL,1078.415,1108.5103,1020.7323,1108.5103,1550.0
2021-12-07,ACLBSL,1130.2458,1130.2458,1096.8066,1096.8066,1053.0
2021-12-08,ACLBSL,1086.7748,1086.7748,1057.5155,1059.1874,1474.0
2021-12-09,ACLBSL,1038.2879,1038.2879,1017.5556,1038.2043,780.0
2021-12-12,ACLBSL,1019.8963,1019.8963,988.2963,988.9651,465.0
2021-12-13,ACLBSL,988.9651,988.9651,900.3511,920.4982,1827.0
2021-12-14,ACLBSL,919.5787,1002.3407,919.5787,1002.3407,518.0
2021-12-15,ACLBSL,1022.3207,1036.616,973.9174,973.9174,1547.0
2021-12-16,ACLBSL,955.9438,973.9174,955.9438,966.3936,595.0
2021-12-20,ACLBSL,966.3936,966.3936,940.4782,940.4782,470.0
2021-12-21,ACLBSL,927.9385,960.5417,927.9385,959.7057,1325.0
2021-12-22,ACLBSL,978.8497,1016.3852,978.0973,1003.1767,1929.0
2021-12-23,ACLBSL,1003.0931,1020.7323,987.3767,1003.1767,1153.0
2021-12-26,ACLBSL,1022.4043,1036.4488,998.328,1035.6128,2051.0
2021-12-27,ACLBSL,1028.2561,1074.4023,1006.5206,1006.5206,1023.0
2021-12-28,ACLBSL,1003.1767,1025.7482,986.5407,1025.7482,1322.0
2021-12-29,ACLBSL,1007.3566,1025.7482,1007.3566,1025.7482,696.0
2022-01-02,ACLBSL,1044.9758,1086.7748,1024.9122,1049.9916,2065.0
2022-01-03,ACLBSL,1070.8912,1131.9177,1070.0552,1088.4467,12969.0
2022-01-04,ACLBSL,1107.6743,1177.9803,1090.1187,1162.013,1979.0
2022-01-05,ACLBSL,1166.1929,1166.1929,1131.0818,1145.2934,1975.0
2022-01-06,ACLBSL,1132.7537,1170.3728,1132.7537,1169.5369,2275.0
2022-01-09,ACLBSL,1170.3728,1195.4523,1153.6532,1187.0925,4547.0
2022-01-10,ACLBSL,1164.521,1195.4523,1163.7686,1178.7327,2474.0
2022-01-11,ACLBSL,1162.849,1245.6111,1162.849,1213.0079,4901.0
2022-01-12,ACLBSL,1213.8438,1273.1985,1188.7644,1210.4999,5817.0
2022-01-13,ACLBSL,1197.1242,1278.2143,1197.1242,1277.3784,29447.0
2022-01-16,ACLBSL,1302.8758,1309.1456,1266.5106,1295.7699,11557.0
2022-01-17,ACLBSL,1301.6218,1302.4578,1258.1508,1283.2302,8451.0
2022-01-18,ACLBSL,1271.5265,1291.59,1249.1222,1271.5265,4525.0
2022-01-19,ACLBSL,1268.1826,1270.6905,1245.6111,1262.2471,4550.0
2022-01-20,ACLBSL,1261.4947,1269.0186,1246.4471,1263.1667,4779.0
2022-01-23,ACLBSL,1287.4101,1287.4101,1241.4312,1245.7783,4423.0
2022-01-24,ACLBSL,1238.0873,1241.4312,1195.4523,1207.992,3903.0
2022-01-25,ACLBSL,1184.5845,1220.5317,1173.7168,1182.9126,9456.0
2022-01-26,ACLBSL,1164.521,1182.9126,1160.3411,1163.685,4681.0
2022-01-27,ACLBSL,1163.685,1192.9443,1163.685,1182.9126,1921.0
2022-01-30,ACLBSL,1206.32,1228.0555,1191.356,1220.5317,4817.0
2022-01-31,ACLBSL,1244.7751,1244.7751,1195.4523,1212.1719,2746.0
2022-02-01,ACLBSL,1197.9602,1216.3518,1197.1242,1207.992,1211.0
2022-02-03,ACLBSL,1213.0079,1227.2195,1191.2724,1197.9602,3806.0
2022-02-06,ACLBSL,1191.2724,1191.2724,1170.4564,1177.8967,1752.0
2022-02-07,ACLBSL,1177.8967,1195.4523,1176.2247,1195.4523,1783.0
2022-02-08,ACLBSL,1219.3613,1243.6047,1172.0448,1195.4523,2785.0
2022-02-09,ACLBSL,1219.3613,1266.5106,1211.3359,1228.8915,21091.0
2022-02-10,ACLBSL,1233.0714,1241.4312,1212.7571,1220.5317,4180.0
2022-02-13,ACLBSL,1199.1306,1199.1306,1167.4469,1171.2088,4790.0
2022-02-14,ACLBSL,1187.0925,1204.6481,1174.5528,1176.2247,1319.0
2022-02-15,ACLBSL,1170.4564,1191.2724,1170.3728,1191.2724,3622.0
2022-02-16,ACLBSL,1188.012,1191.2724,1177.8967,1191.2724,1728.0
2022-02-17,ACLBSL,1170.3728,1191.2724,1170.3728,1187.0925,656.0
2022-02-20,ACLBSL,1163.685,1181.2406,1141.1135,1181.2406,2554.0
2022-02-21,ACLBSL,1181.2406,1181.2406,1162.013,1169.5369,2228.0
2022-02-22,ACLBSL,1170.3728,1192.1083,1167.1961,1169.7041,1536.0
2022-02-23,ACLBSL,1162.013,1176.2247,1162.013,1168.7009,1298.0
2022-02-24,ACLBSL,1146.1294,1165.357,1123.5579,1145.2934,2085.0
2022-02-27,ACLBSL,1136.9336,1145.2934,1126.0659,1142.7855,1369.0
2022-02-28,ACLBSL,1157.8331,1160.2575,1128.5738,1131.9177,1574.0
2022-03-02,ACLBSL,1111.8542,1120.214,1104.3304,1116.0341,862.0
2022-03-06,ACLBSL,1136.9336,1136.9336,1095.1346,1095.1346,2300.0
2022-03-07,ACLBSL,1095.1346,1117.0373,1086.7748,1099.3145,1141.0
2022-03-09,ACLBSL,1086.7748,1100.9865,1086.7748,1095.3854,1488.0
2022-03-10,ACLBSL,1115.1981,1117.0373,1092.961,1117.0373,1260.0
2022-03-13,ACLBSL,1113.5262,1160.3411,1113.5262,1148.6374,1169.0
2022-03-14,ACLBSL,1169.5369,1169.5369,1137.7696,1145.2934,356.0
2022-03-15,ACLBSL,1149.4733,1149.4733,1132.7537,1145.2098,1217.0
2022-03-16,ACLBSL,1153.6532,1153.6532,1128.5738,1129.4098,1299.0
2022-03-20,ACLBSL,1134.4257,1151.9813,1133.6733,1141.1135,2688.0
2022-03-21,ACLBSL,1145.377,1149.4733,1128.5738,1142.8691,1761.0
2022-03-22,ACLBSL,1160.3411,1163.685,1153.6532,1153.6532,2128.0
2022-03-23,ACLBSL,1176.2247,1176.2247,1146.3802,1150.3093,3175.0
2022-03-24,ACLBSL,1150.3093,1162.013,1141.9495,1141.9495,1255.0
2022-03-27,ACLBSL,1164.7718,1164.7718,1116.8701,1124.3939,3235.0
2022-03-28,ACLBSL,1145.2098,1146.8818,1104.3304,1107.6743,1860.0
2022-03-29,ACLBSL,1105.1664,1105.1664,1090.9547,1095.1346,1895.0
2022-03-30,ACLBSL,1096.0542,1120.214,1096.0542,1116.8701,9275.0
2022-03-31,ACLBSL,1139.1,1139.1,1100.0,1101.1,2470.0
2022-04-03,ACLBSL,1120.0,1120.0,1087.0,1090.0,1741.0
2022-04-04,ACLBSL,1085.0,1085.0,1058.4,1058.4,1208.0
2022-04-05,ACLBSL,1048.7,1048.7,1018.0,1018.0,2996.0
2022-04-06,ACLBSL,1015.9,1018.0,998.0,1002.0,748.0
2022-04-07,ACLBSL,995.0,1027.0,980.0,1010.0,1750.0
2022-04-11,ACLBSL,1010.0,1022.0,990.0,995.0,1254.0
2022-04-12,ACLBSL,980.1,1003.0,970.0,970.0,645.0
2022-04-13,ACLBSL,970.0,988.0,952.0,983.0,1160.0
2022-04-17,ACLBSL,970.0,991.0,955.0,961.5,494.0
2022-04-18,ACLBSL,960.0,962.0,955.0,960.0,634.0
2022-04-19,ACLBSL,979.0,979.0,941.0,973.0,632.0
2022-04-20,ACLBSL,954.0,975.0,935.0,960.0,249.0
2022-04-21,ACLBSL,960.0,960.0,932.0,950.0,1012.0
2022-04-24,ACLBSL,968.9,989.0,953.1,973.0,880.0
2022-04-25,ACLBSL,980.0,980.0,930.0,949.0,1786.0
2022-04-26,ACLBSL,949.0,949.0,927.0,928.0,1198.0
2022-04-27,ACLBSL,928.0,946.0,910.0,940.0,846.0
2022-04-28,ACLBSL,940.0,952.0,921.2,932.0,622.0
2022-05-02,ACLBSL,932.0,932.0,900.0,905.5,857.0
2022-05-04,ACLBSL,900.0,903.8,892.0,903.8,495.0
2022-05-05,ACLBSL,911.0,911.0,875.0,875.0,1177.0
2022-05-08,ACLBSL,872.0,888.9,850.0,888.9,1048.0
2022-05-09,ACLBSL,888.0,920.0,888.0,910.0,558.0
2022-05-10,ACLBSL,927.0,927.0,915.0,926.0,518.0
2022-05-11,ACLBSL,930.0,962.8,930.0,962.8,1322.0
2022-05-12,ACLBSL,980.0,982.0,952.0,970.0,1032.0
2022-05-17,ACLBSL,980.9,980.9,942.8,942.8,535.0
2022-05-18,ACLBSL,924.0,939.9,924.0,937.0,364.0
2022-05-19,ACLBSL,919.0,937.0,905.0,910.0,138.0
2022-05-20,ACLBSL,900.0,946.5,900.0,915.0,178.0
2022-05-23,ACLBSL,898.0,910.0,881.0,887.0,390.0
2022-05-24,ACLBSL,887.0,915.0,887.0,913.8,545.0
2022-05-25,ACLBSL,932.0,932.0,897.2,905.0,691.0
2022-05-26,ACLBSL,887.0,920.0,887.0,909.0,326.0
2022-05-27,ACLBSL,901.0,909.0,896.0,897.5,734.0
2022-05-30,ACLBSL,880.1,904.7,870.0,890.0,596.0
2022-05-31,ACLBSL,873.0,890.0,873.0,874.0,425.0
2022-06-01,ACLBSL,875.1,875.1,850.0,858.0,953.0
2022-06-02,ACLBSL,875.0,875.0,840.4,845.0,595.0
2022-06-03,ACLBSL,832.0,833.0,820.0,830.0,720.0
2022-06-06,ACLBSL,840.0,840.0,830.2,830.2,230.0
2022-06-07,ACLBSL,820.0,838.2,820.0,838.0,517.0
2022-06-08,ACLBSL,850.0,866.0,835.0,865.0,308.0
2022-06-09,ACLBSL,865.0,892.9,855.0,865.0,1491.0
2022-06-10,ACLBSL,848.5,850.0,840.0,845.0,144.0
2022-06-13,ACLBSL,840.0,871.0,840.0,853.6,284.0
2022-06-14,ACLBSL,840.0,840.0,825.0,840.0,669.0
2022-06-15,ACLBSL,856.7,856.7,806.6,838.0,609.0
2022-06-16,ACLBSL,822.1,849.9,822.1,844.9,123.0
2022-06-17,ACLBSL,861.7,870.0,845.1,847.2,264.0
2022-06-19,ACLBSL,830.3,831.0,815.0,816.0,156.0
2022-06-20,ACLBSL,800.1,805.0,782.0,795.0,1507.0
2022-06-21,ACLBSL,810.9,810.9,790.1,800.0,1102.0
2022-06-22,ACLBSL,809.0,810.0,790.0,790.0,926.0
2022-06-23,ACLBSL,775.0,780.0,759.0,759.0,427.0
2022-06-24,ACLBSL,759.0,789.0,744.0,774.0,264.0
2022-06-26,ACLBSL,760.0,851.4,760.0,810.0,1379.0
2022-06-27,ACLBSL,826.2,842.7,809.9,809.9,884.0
2022-06-28,ACLBSL,794.0,794.0,775.0,794.0,311.0
2022-06-29,ACLBSL,809.8,825.5,809.8,820.0,341.0
2022-06-30,ACLBSL,820.0,872.0,820.0,870.0,1728.0
2022-07-01,ACLBSL,870.0,895.0,870.0,876.0,891.0
2022-07-03,ACLBSL,890.0,899.0,859.0,888.8,1639.0
2022-07-04,ACLBSL,888.0,922.9,888.0,890.0,2151.0
2022-07-05,ACLBSL,905.0,905.0,864.0,865.1,597.0
2022-07-06,ACLBSL,850.0,862.0,833.0,862.0,1106.0
2022-07-07,ACLBSL,879.0,888.0,853.0,860.9,545.0
2022-07-08,ACLBSL,860.0,860.0,830.0,837.0,148.0
2022-07-11,ACLBSL,853.7,853.7,788.0,796.5,1454.0
2022-07-12,ACLBSL,783.0,825.0,783.0,816.0,795.0
2022-07-13,ACLBSL,832.2,848.8,808.0,840.0,478.0
2022-07-14,ACLBSL,840.0,841.0,839.0,839.0,127.0
2022-07-15,ACLBSL,822.3,826.0,822.3,825.1,291.0
2022-07-17,ACLBSL,838.0,842.0,826.0,842.0,922.0
2022-07-18,ACLBSL,843.0,855.0,825.2,848.0,940.0
2022-07-19,ACLBSL,855.0,872.0,840.2,860.0,653.0
2022-07-20,ACLBSL,876.0,876.0,855.0,857.0,1073.0
2022-07-21,ACLBSL,850.0,860.0,843.0,850.0,571.0
2022-07-22,ACLBSL,867.0,867.0,833.0,835.2,230.0
2022-07-24,ACLBSL,851.0,868.0,833.0,867.9,1719.0
2022-07-25,ACLBSL,885.0,914.0,870.0,914.0,2767.0
2022-07-26,ACLBSL,896.0,915.0,881.0,893.0,1957.0
2022-07-27,ACLBSL,910.0,910.0,884.9,898.0,995.0
2022-07-28,ACLBSL,880.2,955.0,880.2,950.0,5329.0
2022-07-29,ACLBSL,969.0,969.0,949.0,958.0,1717.0
2022-07-31,ACLBSL,977.1,977.1,950.0,950.0,3308.0
2022-08-01,ACLBSL,950.0,969.0,940.0,940.0,2943.0
2022-08-02,ACLBSL,940.0,975.0,933.0,968.0,2589.0
2022-08-03,ACLBSL,950.0,958.0,925.0,948.0,4640.0
2022-08-04,ACLBSL,950.0,959.9,922.2,925.0,1159.0
2022-08-05,ACLBSL,925.0,925.0,905.0,905.0,815.0
2022-08-07,ACLBSL,900.0,910.0,895.0,898.0,845.0
2022-08-08,ACLBSL,900.0,914.5,895.0,895.0,1011.0
2022-08-09,ACLBSL,890.0,895.0,876.0,876.0,1128.0
2022-08-10,ACLBSL,870.0,886.8,861.0,875.0,628.0
2022-08-11,ACLBSL,888.0,891.0,865.0,870.0,893.0
2022-08-14,ACLBSL,865.0,870.0,840.0,840.0,865.0
2022-08-15,ACLBSL,840.0,860.0,832.0,859.0,771.0
2022-08-16,ACLBSL,859.0,889.9,836.0,838.0,1053.0
2022-08-17,ACLBSL,840.0,852.0,821.3,827.0,712.0
2022-08-18,ACLBSL,827.0,859.8,827.0,859.8,2059.0
2022-08-21,ACLBSL,860.0,865.0,847.0,848.0,1690.0
2022-08-22,ACLBSL,831.2,855.0,821.0,840.0,1804.0
2022-08-23,ACLBSL,855.0,855.0,811.0,828.0,1745.0
2022-08-24,ACLBSL,840.0,840.0,825.0,826.0,441.0
2022-08-25,ACLBSL,820.1,834.0,818.1,818.1,1444.0
2022-08-26,ACLBSL,815.0,816.0,806.1,815.0,287.0
2022-08-28,ACLBSL,800.0,830.0,790.4,796.0,875.0
2022-08-29,ACLBSL,781.1,799.0,781.1,787.0,656.0
2022-08-30,ACLBSL,802.7,818.7,789.9,789.9,1419.0
2022-08-31,ACLBSL,785.0,791.9,778.0,785.1,649.0
2022-09-01,ACLBSL,785.0,799.9,776.1,798.0,894.0
2022-09-02,ACLBSL,813.0,815.0,796.8,800.0,387.0
2022-09-04,ACLBSL,790.0,814.0,790.0,814.0,303.0
2022-09-05,ACLBSL,814.0,814.0,800.0,800.0,399.0
2022-09-06,ACLBSL,784.5,794.0,772.0,782.0,549.0
2022-09-07,ACLBSL,770.0,797.5,767.0,775.0,1243.0
2022-09-08,ACLBSL,790.0,800.0,759.6,772.0,359.0
2022-09-11,ACLBSL,780.0,784.0,765.3,769.0,367.0
2022-09-12,ACLBSL,760.1,775.0,760.1,762.1,211.0
2022-09-13,ACLBSL,760.0,777.3,755.0,766.0,743.0
2022-09-14,ACLBSL,781.0,812.0,772.0,787.0,935.0
2022-09-15,ACLBSL,788.0,800.0,755.0,763.0,1049.0
2022-09-16,ACLBSL,747.8,765.0,745.0,752.0,448.0
2022-09-18,ACLBSL,752.0,752.0,735.0,737.0,985.0
2022-09-20,ACLBSL,722.3,723.9,707.0,708.0,1324.0
2022-09-21,ACLBSL,715.1,729.4,710.1,715.0,387.0
2022-09-22,ACLBSL,700.7,715.0,688.2,705.0,740.0
2022-09-25,ACLBSL,691.0,702.0,691.0,701.9,751.0
2022-09-27,ACLBSL,702.0,715.0,696.0,697.0,614.0
2022-09-28,ACLBSL,710.0,718.0,705.0,710.1,828.0
2022-09-29,ACLBSL,715.0,719.0,702.0,708.0,986.0
2022-10-09,ACLBSL,720.0,736.5,720.0,721.0,457.0
2022-10-10,ACLBSL,722.0,735.0,707.6,707.6,992.0
2022-10-11,ACLBSL,712.0,716.0,712.0,716.0,65.0
2022-10-12,ACLBSL,716.0,719.4,708.1,714.5,305.0
2022-10-13,ACLBSL,725.0,725.0,712.6,724.0,252.0
2022-10-16,ACLBSL,735.0,735.0,713.5,715.0,274.0
2022-10-17,ACLBSL,705.0,719.0,705.0,712.0,438.0
2022-10-19,ACLBSL,712.1,718.9,698.4,698.4,1248.0
2022-10-20,ACLBSL,711.0,711.0,698.0,698.0,242.0
2022-10-23,ACLBSL,711.9,720.0,699.1,720.0,800.0
2022-10-31,ACLBSL,707.0,720.0,707.0,719.0,519.0
2022-11-01,ACLBSL,718.0,735.0,710.1,731.0,680.0
2022-11-02,ACLBSL,740.0,740.0,727.0,730.0,1073.0
2022-11-03,ACLBSL,740.0,744.0,720.0,720.0,245.0
2022-11-06,ACLBSL,720.0,782.0,720.0,766.4,2177.0
2022-11-07,ACLBSL,757.0,785.0,726.0,759.0,1504.0
2022-11-08,ACLBSL,745.0,758.0,740.0,740.0,486.0
2022-11-09,ACLBSL,725.2,725.2,711.0,713.0,1389.0
2022-11-10,ACLBSL,710.0,715.0,700.0,700.1,1114.0
2022-11-13,ACLBSL,710.0,710.0,697.4,698.1,231.0
2022-11-14,ACLBSL,710.0,710.0,690.0,695.0,580.0
2022-11-15,ACLBSL,708.9,708.9,696.0,697.1,264.0
2022-11-16,ACLBSL,697.0,711.0,697.0,706.0,118.0
2022-11-17,ACLBSL,720.0,734.5,707.0,710.0,1198.0
2022-11-22,ACLBSL,710.0,720.0,705.0,705.0,656.0
2022-11-23,ACLBSL,705.0,705.0,692.1,705.0,189.0
2022-11-24,ACLBSL,695.0,725.0,695.0,695.0,625.0
2022-11-27,ACLBSL,708.0,729.0,706.1,727.0,1405.0
2022-11-28,ACLBSL,740.0,740.0,715.0,726.9,548.0
2022-11-29,ACLBSL,716.1,728.0,715.0,726.0,1090.0
2022-11-30,ACLBSL,721.0,725.0,712.0,712.0,147.0
2022-12-01,ACLBSL,720.0,725.0,715.0,725.0,760.0
2022-12-04,ACLBSL,713.0,727.9,713.0,721.0,395.0
2022-12-05,ACLBSL,711.0,720.0,710.0,711.0,312.0
2022-12-06,ACLBSL,700.1,722.0,700.1,720.0,245.0
2022-12-07,ACLBSL,709.0,715.0,709.0,715.0,189.0
2022-12-11,ACLBSL,701.0,713.9,700.9,701.0,471.0
2022-12-12,ACLBSL,691.0,710.0,691.0,709.0,220.0
2022-12-13,ACLBSL,723.0,725.0,709.0,709.1,505.0
2022-12-14,ACLBSL,710.0,721.0,709.0,710.0,172.0
2022-12-15,ACLBSL,724.0,724.0,696.0,701.5,284.0
2022-12-18,ACLBSL,690.0,695.0,687.5,688.0,1088.0
2022-12-19,ACLBSL,675.0,700.0,675.0,700.0,138.0
2022-12-20,ACLBSL,700.0,708.0,695.0,696.0,315.0
2022-12-21,ACLBSL,696.0,720.0,696.0,701.0,404.0
2022-12-22,ACLBSL,701.0,702.0,692.0,702.0,552.0
2022-12-26,ACLBSL,715.5,726.0,702.0,726.0,2193.0
2022-12-27,ACLBSL,740.0,754.0,712.0,740.0,1539.0
2022-12-28,ACLBSL,754.0,754.0,725.2,732.0,889.0
2022-12-29,ACLBSL,735.1,750.0,730.0,740.0,1142.0
2023-01-01,ACLBSL,750.0,775.0,750.0,760.0,2108.0
2023-01-02,ACLBSL,746.0,830.0,746.0,795.0,1168.0
2023-01-03,ACLBSL,788.0,820.0,788.0,802.0,2174.0
2023-01-04,ACLBSL,803.0,882.2,803.0,880.0,3920.0
2023-01-05,ACLBSL,890.0,900.0,863.0,878.0,2714.0
2023-01-08,ACLBSL,861.0,899.0,861.0,887.0,2449.0
2023-01-09,ACLBSL,900.0,900.0,875.0,890.8,2266.0
2023-01-10,ACLBSL,889.0,906.7,870.0,870.0,4871.0
2023-01-12,ACLBSL,854.0,870.0,824.0,824.0,2147.0
2023-01-17,ACLBSL,830.0,867.0,830.0,867.0,1714.0
2023-01-18,ACLBSL,860.0,875.0,846.1,850.0,1425.0
2023-01-19,ACLBSL,850.0,869.0,840.0,853.0,2062.0
2023-01-23,ACLBSL,853.0,868.0,837.0,845.0,902.0
2023-01-24,ACLBSL,860.0,861.9,800.0,831.0,1124.0
2023-01-25,ACLBSL,847.6,852.7,820.0,848.0,611.0
2023-01-26,ACLBSL,850.1,864.0,841.0,841.0,430.0
2023-01-29,ACLBSL,854.0,854.0,824.2,833.0,1123.0
2023-01-30,ACLBSL,816.5,830.0,814.0,814.0,651.0
2023-01-31,ACLBSL,797.8,822.0,785.0,800.0,614.0
2023-02-01,ACLBSL,785.0,805.0,780.0,800.0,1096.0
2023-02-02,ACLBSL,800.0,801.9,770.0,770.0,1613.0
2023-02-05,ACLBSL,760.0,790.0,760.0,780.0,817.0
2023-02-06,ACLBSL,781.0,795.0,777.1,792.0,557.0
2023-02-07,ACLBSL,790.0,815.0,790.0,810.0,965.0
2023-02-08,ACLBSL,826.0,830.0,809.0,810.0,614.0
2023-02-09,ACLBSL,826.0,826.0,794.1,805.0,668.0
2023-02-12,ACLBSL,804.0,804.0,780.0,794.0,1068.0
2023-02-14,ACLBSL,778.4,795.0,778.2,778.2,816.0
2023-02-15,ACLBSL,778.1,783.0,765.0,776.0,1313.0
2023-02-16,ACLBSL,775.0,777.0,760.0,765.0,759.0
2023-02-20,ACLBSL,755.0,755.0,744.5,745.0,671.0
2023-02-22,ACLBSL,745.0,745.0,722.0,725.2,1211.0
2023-02-23,ACLBSL,711.0,711.0,652.7,652.7,4551.0
2023-02-26,ACLBSL,650.0,702.0,600.0,698.0,3524.0
2023-02-27,ACLBSL,711.0,719.9,680.0,680.0,1488.0
2023-02-28,ACLBSL,675.1,685.0,669.0,672.0,1076.0
2023-03-01,ACLBSL,685.0,685.0,652.0,663.5,1022.0
2023-03-02,ACLBSL,651.0,663.0,641.0,641.0,592.0
2023-03-05,ACLBSL,640.0,649.7,630.0,638.0,759.0
2023-03-07,ACLBSL,635.0,658.5,615.0,630.1,786.0
2023-03-09,ACLBSL,620.0,635.0,614.1,635.0,4432.0
2023-03-12,ACLBSL,636.0,644.0,619.6,620.1,2279.0
2023-03-13,ACLBSL,615.0,615.0,593.0,597.0,2105.0
2023-03-14,ACLBSL,592.0,623.0,592.0,610.0,836.0
2023-03-15,ACLBSL,610.0,610.0,580.0,596.7,2156.0
2023-03-16,ACLBSL,588.0,599.0,580.0,591.6,2612.0
2023-03-19,ACLBSL,580.0,585.0,575.0,585.0,1215.0
2023-03-20,ACLBSL,575.0,589.0,572.0,587.8,1277.0
2023-03-22,ACLBSL,587.5,587.5,577.1,578.0,640.0
2023-03-23,ACLBSL,577.0,577.0,570.0,577.0,511.0
2023-03-26,ACLBSL,577.0,577.0,550.0,570.0,1954.0
2023-03-27,ACLBSL,558.6,564.9,547.5,564.9,748.0
2023-03-28,ACLBSL,564.0,604.0,564.0,598.0,1829.0
2023-03-29,ACLBSL,590.0,600.0,580.0,580.0,844.0
2023-03-30,ACLBSL,575.0,586.0,575.0,575.0,750.0
2023-04-02,ACLBSL,575.0,586.5,571.0,580.0,286.0
2023-04-03,ACLBSL,590.0,590.0,567.0,570.0,463.0
2023-04-04,ACLBSL,580.5,581.0,570.0,570.0,195.0
2023-04-05,ACLBSL,579.0,582.0,570.4,575.0,671.0
2023-04-06,ACLBSL,575.0,586.5,575.0,580.0,248.0
2023-04-09,ACLBSL,590.0,592.0,575.0,575.0,453.0
2023-04-10,ACLBSL,565.0,584.9,564.1,580.0,1879.0
2023-04-11,ACLBSL,590.0,590.0,574.4,575.0,637.0
2023-04-12,ACLBSL,586.5,609.0,586.5,605.0,1123.0
2023-04-13,ACLBSL,615.0,615.0,602.7,602.7,1519.0
2023-04-16,ACLBSL,600.0,600.0,582.0,589.0,313.0
2023-04-17,ACLBSL,580.0,600.7,580.0,588.0,1229.0
2023-04-18,ACLBSL,595.0,595.0,584.0,585.0,375.0
2023-04-19,ACLBSL,581.0,592.0,581.0,585.0,127.0
2023-04-20,ACLBSL,585.0,600.0,585.0,587.5,563.0
2023-04-23,ACLBSL,576.1,587.0,575.8,575.8,242.0
2023-04-24,ACLBSL,565.0,583.7,555.2,575.0,134.0
2023-04-25,ACLBSL,586.0,586.0,570.0,571.0,144.0
2023-04-26,ACLBSL,565.0,579.3,565.0,571.2,99.0
2023-04-27,ACLBSL,562.0,571.0,562.0,571.0,137.0
2023-04-30,ACLBSL,560.1,563.0,560.1,563.0,102.0
2023-05-02,ACLBSL,563.0,574.2,562.0,562.0,295.0
2023-05-03,ACLBSL,569.0,569.0,559.0,562.0,141.0
2023-05-04,ACLBSL,562.0,584.4,558.2,580.0,524.0
2023-05-07,ACLBSL,580.0,580.0,550.0,550.0,385.0
2023-05-08,ACLBSL,555.0,555.5,550.0,552.0,295.0
2023-05-09,ACLBSL,563.0,565.0,550.0,555.1,202.0
2023-05-10,ACLBSL,566.2,566.2,546.5,546.5,192.0
2023-05-11,ACLBSL,550.0,550.0,548.0,549.0,162.0
2023-05-14,ACLBSL,540.0,541.0,531.0,534.5,530.0
2023-05-15,ACLBSL,540.0,542.0,530.0,535.0,751.0
2023-05-16,ACLBSL,531.0,536.0,531.0,536.0,69.0
2023-05-17,ACLBSL,535.0,557.0,535.0,536.0,1182.0
2023-05-18,ACLBSL,536.0,554.0,536.0,540.0,774.0
2023-05-21,ACLBSL,545.0,566.1,537.0,547.0,740.0
2023-05-22,ACLBSL,540.0,560.0,540.0,560.0,1870.0
2023-05-23,ACLBSL,568.0,575.0,562.3,570.0,3544.0
2023-05-24,ACLBSL,579.0,603.8,579.0,603.8,2430.0
2023-05-28,ACLBSL,614.9,624.0,605.1,605.1,4384.0
2023-05-30,ACLBSL,595.0,605.0,560.2,575.0,1342.0
2023-05-31,ACLBSL,570.0,570.0,544.1,556.0,2966.0
2023-06-01,ACLBSL,545.1,566.0,545.0,561.0,518.0
2023-06-04,ACLBSL,572.2,582.0,570.2,582.0,3881.0
2023-06-05,ACLBSL,580.1,591.0,571.5,583.0,863.0
2023-06-06,ACLBSL,573.0,581.0,573.0,581.0,1998.0
2023-06-07,ACLBSL,592.6,602.0,579.0,580.1,1817.0
2023-06-08,ACLBSL,572.0,581.6,570.0,580.0,1720.0
2023-06-11,ACLBSL,588.0,589.0,583.0,587.9,1316.0
2023-06-12,ACLBSL,588.0,595.0,588.0,593.0,1395.0
2023-06-13,ACLBSL,582.4,616.0,582.4,605.5,7089.0
2023-06-14,ACLBSL,610.0,634.0,610.0,622.0,3563.0
2023-06-15,ACLBSL,630.0,630.0,610.0,614.0,986.0
2023-06-18,ACLBSL,620.0,626.1,615.0,624.0,4009.0
2023-06-19,ACLBSL,616.1,640.0,616.1,630.0,2640.0
2023-06-20,ACLBSL,628.0,630.0,612.5,612.5,2922.0
2023-06-21,ACLBSL,601.0,607.0,590.0,590.1,4348.0
2023-06-22,ACLBSL,590.0,607.0,590.0,594.0,1039.0
2023-06-25,ACLBSL,602.0,615.0,600.0,615.0,2907.0
2023-06-26,ACLBSL,627.0,638.5,618.0,638.5,4860.0
2023-06-27,ACLBSL,651.1,702.3,640.0,702.3,12849.0
2023-06-28,ACLBSL,716.3,716.3,675.0,691.0,5022.0
2023-07-02,ACLBSL,699.0,699.0,648.0,653.0,5193.0
2023-07-03,ACLBSL,640.0,660.0,640.0,640.0,1643.0
2023-07-04,ACLBSL,650.0,650.0,636.0,636.0,1839.0
2023-07-05,ACLBSL,636.0,658.0,627.1,627.1,2360.0
2023-07-06,ACLBSL,630.0,634.0,615.0,618.0,1356.0
2023-07-09,ACLBSL,630.3,642.5,617.4,625.0,2112.0
2023-07-10,ACLBSL,630.0,645.0,630.0,637.0,1719.0
2023-07-11,ACLBSL,640.0,640.0,617.5,637.4,1982.0
2023-07-12,ACLBSL,640.0,655.0,630.1,654.5,2397.0
2023-07-13,ACLBSL,667.3,680.0,650.0,650.0,3375.0
2023-07-16,ACLBSL,641.0,656.0,638.5,647.0,588.0
2023-07-17,ACLBSL,647.0,676.0,647.0,673.9,2473.0
2023-07-18,ACLBSL,661.0,695.0,661.0,674.0,1963.0
2023-07-19,ACLBSL,687.0,687.0,667.1,667.1,712.0
2023-07-20,ACLBSL,679.9,679.9,653.8,670.0,1424.0
2023-07-23,ACLBSL,683.4,683.4,658.0,675.0,1570.0
2023-07-24,ACLBSL,679.9,693.0,665.0,672.9,3769.0
2023-07-25,ACLBSL,686.0,686.0,656.0,667.0,782.0
2023-07-26,ACLBSL,666.0,680.0,655.0,662.0,1930.0
2023-07-27,ACLBSL,650.0,660.0,640.1,644.0,1678.0
2023-07-30,ACLBSL,644.0,653.0,620.4,637.0,2121.0
2023-07-31,ACLBSL,624.3,641.0,624.3,624.5,744.0
2023-08-01,ACLBSL,636.9,636.9,607.6,619.0,1495.0
2023-08-02,ACLBSL,631.0,631.0,596.1,624.0,481.0
2023-08-03,ACLBSL,636.0,644.0,620.0,634.0,470.0
2023-08-06,ACLBSL,646.0,646.6,604.2,620.0,700.0
2023-08-07,ACLBSL,619.9,625.0,610.0,621.9,479.0
2023-08-08,ACLBSL,610.0,613.0,600.8,600.8,899.0
2023-08-09,ACLBSL,590.0,611.0,588.8,611.0,976.0
2023-08-10,ACLBSL,623.0,623.0,601.0,607.1,509.0
2023-08-13,ACLBSL,607.0,615.0,601.0,614.0,601.0
2023-08-14,ACLBSL,610.0,610.0,598.1,598.2,3049.0
2023-08-15,ACLBSL,589.0,595.0,580.0,585.0,1054.0
2023-08-16,ACLBSL,580.0,585.0,569.0,569.0,1629.0
2023-08-17,ACLBSL,580.0,580.0,569.0,574.0,395.0
2023-08-20,ACLBSL,584.0,584.0,562.6,574.0,673.0
2023-08-21,ACLBSL,585.4,585.4,568.4,570.0,498.0
2023-08-22,ACLBSL,581.4,581.4,560.0,571.0,866.0
2023-08-23,ACLBSL,582.0,582.0,572.0,575.0,454.0
2023-08-24,ACLBSL,567.0,572.0,560.0,563.0,1123.0
2023-08-27,ACLBSL,553.0,558.0,550.0,552.0,853.0
2023-08-28,ACLBSL,542.0,555.0,542.0,555.0,309.0
2023-08-29,ACLBSL,546.0,559.0,546.0,547.0,430.0
2023-08-30,ACLBSL,557.0,557.0,544.1,555.0,1361.0
2023-09-03,ACLBSL,544.0,552.0,534.0,540.2,613.0
2023-09-04,ACLBSL,551.0,551.0,536.1,540.0,667.0
2023-09-05,ACLBSL,540.0,540.0,532.1,533.1,428.0
2023-09-07,ACLBSL,543.7,552.0,535.0,535.0,1598.0
2023-09-10,ACLBSL,530.0,535.0,529.0,532.0,343.0
2023-09-11,ACLBSL,530.0,538.0,530.0,536.0,442.0
2023-09-12,ACLBSL,536.0,540.0,528.1,532.0,416.0
2023-09-13,ACLBSL,540.0,548.0,535.0,548.0,661.0
2023-09-17,ACLBSL,548.0,549.9,530.0,534.1,682.0
2023-09-18,ACLBSL,532.1,544.6,532.0,540.0,701.0
2023-09-19,ACLBSL,535.0,540.0,534.5,540.0,522.0
2023-09-21,ACLBSL,532.0,562.0,532.0,559.0,1121.0
2023-09-24,ACLBSL,559.0,567.0,551.0,565.0,1151.0
2023-09-25,ACLBSL,554.0,564.7,543.0,552.0,825.0
2023-09-26,ACLBSL,563.0,566.0,552.0,565.0,1434.0
2023-09-27,ACLBSL,554.0,583.0,554.0,562.0,1421.0
2023-10-01,ACLBSL,550.8,572.9,540.1,550.0,877.0
2023-10-02,ACLBSL,561.0,564.0,550.0,564.0,547.0
2023-10-03,ACLBSL,560.0,569.9,553.0,553.0,505.0
2023-10-04,ACLBSL,564.0,570.0,555.0,565.0,777.0
2023-10-05,ACLBSL,555.2,571.2,550.0,550.0,455.0
2023-10-08,ACLBSL,546.0,549.0,540.0,545.9,389.0
2023-10-09,ACLBSL,540.0,555.9,537.2,550.0,199.0
2023-10-10,ACLBSL,541.0,541.0,531.0,535.0,906.0
2023-10-11,ACLBSL,545.0,545.0,527.1,536.0,446.0
2023-10-12,ACLBSL,530.0,539.0,525.0,539.0,1544.0
2023-10-16,ACLBSL,529.0,535.0,520.1,530.0,469.0
2023-10-17,ACLBSL,523.0,551.4,523.0,535.0,322.0
2023-10-18,ACLBSL,545.0,555.0,544.0,545.0,361.0
2023-10-19,ACLBSL,553.0,555.0,545.0,555.0,476.0
2023-10-29,ACLBSL,555.0,555.0,544.0,553.0,125.0
2023-10-30,ACLBSL,542.0,545.0,532.0,545.0,542.0
2023-10-31,ACLBSL,534.2,534.2,523.5,530.0,645.0
2023-11-01,ACLBSL,535.0,535.0,520.0,525.0,1373.0
2023-11-02,ACLBSL,525.0,525.0,520.0,524.0,413.0
2023-11-05,ACLBSL,513.6,516.0,511.0,511.0,720.0
2023-11-06,ACLBSL,510.0,520.0,502.2,520.0,426.0
2023-11-07,ACLBSL,522.0,525.0,520.0,520.0,208.0
2023-11-08,ACLBSL,520.0,520.0,513.0,520.0,392.0
2023-11-09,ACLBSL,510.5,530.4,510.5,530.0,137.0
2023-11-20,ACLBSL,520.0,525.0,519.4,525.0,292.0
2023-11-21,ACLBSL,515.0,520.0,505.0,520.0,683.0
2023-11-22,ACLBSL,515.0,541.0,515.0,541.0,632.0
2023-11-23,ACLBSL,540.0,540.0,520.0,539.0,291.0
2023-11-26,ACLBSL,528.5,545.0,528.5,535.0,535.0
2023-11-27,ACLBSL,544.0,544.0,524.0,543.0,218.0
2023-11-28,ACLBSL,533.0,542.0,515.0,520.3,939.0
2023-11-29,ACLBSL,520.0,525.0,520.0,521.0,147.0
2023-11-30,ACLBSL,515.1,521.0,515.0,521.0,562.0
2023-12-03,ACLBSL,520.0,521.0,508.0,508.0,721.0
2023-12-04,ACLBSL,508.0,518.0,508.0,516.0,378.0
2023-12-05,ACLBSL,516.0,526.3,508.1,510.0,296.0
2023-12-06,ACLBSL,501.0,514.0,501.0,506.0,461.0
2023-12-07,ACLBSL,500.1,510.0,500.1,510.0,525.0
2023-12-11,ACLBSL,520.2,540.6,519.9,538.7,4181.0
2023-12-12,ACLBSL,537.0,565.0,529.0,565.0,1671.0
2023-12-13,ACLBSL,575.0,575.9,544.0,545.0,2028.0
2023-12-14,ACLBSL,555.0,563.8,540.1,544.0,1000.0
2023-12-17,ACLBSL,534.0,560.0,534.0,559.0,1021.0
2023-12-18,ACLBSL,570.0,604.0,551.3,603.9,5278.0
2023-12-19,ACLBSL,601.0,640.0,596.0,616.0,4652.0
2023-12-20,ACLBSL,621.0,621.0,596.0,617.0,1689.0
2023-12-21,ACLBSL,615.0,615.0,582.0,598.0,3257.0
2023-12-24,ACLBSL,589.0,600.5,580.0,588.0,2974.0
2023-12-27,ACLBSL,580.1,582.0,566.3,570.0,3162.0
2023-12-28,ACLBSL,558.6,581.4,558.6,580.0,1125.0
2024-01-01,ACLBSL,572.0,595.0,572.0,573.2,2208.0
2024-01-02,ACLBSL,565.0,584.6,554.0,561.0,1369.0
2024-01-03,ACLBSL,551.0,568.0,550.1,565.0,1046.0
2024-01-04,ACLBSL,557.0,585.0,556.0,570.2,3281.0
2024-01-07,ACLBSL,559.0,570.0,559.0,570.0,1025.0
2024-01-08,ACLBSL,565.1,576.0,565.1,576.0,700.0
2024-01-09,ACLBSL,587.0,597.9,573.1,582.0,2352.0
2024-01-10,ACLBSL,593.6,612.0,583.1,595.3,4367.0
2024-01-11,ACLBSL,585.1,600.0,585.0,594.0,1805.0
2024-01-14,ACLBSL,600.0,628.7,600.0,601.0,1994.0
2024-01-16,ACLBSL,608.0,620.0,608.0,619.0,4696.0
2024-01-17,ACLBSL,611.0,655.0,611.0,613.0,6656.0
2024-01-18,ACLBSL,602.3,638.0,602.2,620.0,8558.0
2024-01-21,ACLBSL,620.0,636.0,608.2,613.5,2152.0
2024-01-22,ACLBSL,613.5,623.0,598.6,617.0,6316.0
2024-01-23,ACLBSL,606.0,618.0,605.7,606.0,974.0
2024-01-24,ACLBSL,595.1,609.0,595.1,597.1,1504.0
2024-01-25,ACLBSL,600.0,656.0,600.0,607.0,2152.0
2024-01-28,ACLBSL,610.0,634.5,603.0,630.0,2351.0
2024-01-29,ACLBSL,625.5,638.0,617.5,620.0,1257.0
2024-01-30,ACLBSL,631.9,631.9,613.1,614.9,699.0
2024-01-31,ACLBSL,620.0,624.9,605.1,605.2,2166.0
2024-02-01,ACLBSL,595.1,605.0,593.1,594.0,4062.0
2024-02-04,ACLBSL,599.0,604.0,590.1,600.0,2514.0
2024-02-05,ACLBSL,600.0,619.79,595.0,619.79,2748.0
2024-02-06,ACLBSL,619.0,621.0,607.7,620.0,1842.0
2024-02-07,ACLBSL,620.0,640.0,618.0,625.1,4179.0
2024-02-08,ACLBSL,637.4,637.6,624.9,627.0,1699.0
2024-02-11,ACLBSL,621.3,635.0,621.3,625.7,1603.0
2024-02-12,ACLBSL,618.0,640.0,618.0,626.0,3717.0
2024-02-13,ACLBSL,620.0,632.0,610.0,610.0,2678.0
2024-02-14,ACLBSL,622.2,626.0,612.0,621.0,2017.0
2024-02-15,ACLBSL,611.0,629.8,611.0,626.5,1776.0
2024-02-18,ACLBSL,626.0,628.0,616.2,618.9,1718.0
2024-02-20,ACLBSL,613.0,625.0,613.0,618.0,1289.0
2024-02-21,ACLBSL,614.2,622.0,614.0,617.2,1631.0
2024-02-22,ACLBSL,618.0,622.0,616.5,616.5,3105.0
2024-02-25,ACLBSL,606.0,616.0,601.0,607.0,1857.0
2024-02-26,ACLBSL,607.0,610.0,600.0,605.0,1618.0
2024-02-27,ACLBSL,605.0,610.1,597.0,605.0,511.0
2024-02-28,ACLBSL,617.1,617.1,605.0,610.0,1230.0
2024-02-29,ACLBSL,600.1,613.0,600.1,602.5,1018.0
2024-03-03,ACLBSL,614.5,614.5,585.0,600.0,842.0
2024-03-05,ACLBSL,612.0,636.0,605.1,608.0,2391.0
2024-03-06,ACLBSL,610.0,619.0,607.0,609.5,1355.0
2024-03-07,ACLBSL,620.0,620.0,605.0,612.0,443.0
2024-03-10,ACLBSL,606.1,650.9,606.1,640.0,6601.0
2024-03-12,ACLBSL,630.0,683.0,628.1,680.0,9570.0
2024-03-13,ACLBSL,671.0,693.0,655.0,690.0,4897.0
2024-03-14,ACLBSL,679.0,693.7,657.0,688.5,7938.0
2024-03-17,ACLBSL,675.0,690.1,675.0,677.1,5635.0
2024-03-18,ACLBSL,670.0,683.0,670.0,675.0,4205.0
2024-03-19,ACLBSL,688.5,724.0,688.5,712.0,10672.0
2024-03-20,ACLBSL,724.0,783.2,724.0,765.0,18784.0
2024-03-21,ACLBSL,765.0,778.0,715.5,747.0,3912.0
2024-03-25,ACLBSL,745.0,747.0,707.0,716.5,5704.0
2024-03-26,ACLBSL,708.0,764.9,708.0,739.5,8187.0
2024-03-27,ACLBSL,740.0,740.0,712.0,720.0,3266.0
2024-03-28,ACLBSL,708.1,722.0,703.0,721.9,7137.0
2024-03-31,ACLBSL,730.0,744.0,690.9,690.9,4243.0
2024-04-01,ACLBSL,699.0,715.0,692.0,715.0,5195.0
2024-04-02,ACLBSL,701.0,751.0,701.0,739.0,11154.0
2024-04-03,ACLBSL,739.0,775.2,739.0,759.0,12638.0
2024-04-04,ACLBSL,748.0,802.0,748.0,784.0,14755.0
2024-04-07,ACLBSL,781.0,831.1,770.0,781.0,8197.0
2024-04-09,ACLBSL,790.1,818.9,769.1,787.0,3912.0
2024-04-10,ACLBSL,776.0,776.0,757.1,763.0,3203.0
2024-04-14,ACLBSL,776.9,800.0,747.8,785.0,15436.0
2024-04-15,ACLBSL,800.0,800.7,770.0,770.0,5386.0
2024-04-16,ACLBSL,757.0,774.9,757.0,762.0,4314.0
2024-04-18,ACLBSL,746.0,760.0,745.1,745.1,6328.0
2024-04-21,ACLBSL,745.0,768.9,730.4,768.9,2055.0
2024-04-22,ACLBSL,768.0,770.0,756.0,756.7,1104.0
2024-04-24,ACLBSL,757.0,760.0,747.0,756.0,2618.0
2024-04-25,ACLBSL,746.0,760.0,746.0,755.0,2440.0
2024-04-28,ACLBSL,742.1,774.0,742.1,774.0,4858.0
2024-04-29,ACLBSL,770.0,780.0,767.1,767.2,6577.0
2024-04-30,ACLBSL,770.0,802.0,766.0,800.0,8511.0
2024-05-02,ACLBSL,800.0,848.0,787.0,837.0,13544.0
2024-05-05,ACLBSL,821.0,874.0,804.6,820.0,26758.0
2024-05-06,ACLBSL,803.8,825.0,803.8,813.5,10815.0
2024-05-07,ACLBSL,829.7,867.0,815.0,867.0,12845.0
2024-05-08,ACLBSL,883.0,902.7,851.0,902.7,21090.0
2024-05-09,ACLBSL,890.0,919.9,873.9,916.6,14298.0
2024-05-12,ACLBSL,898.3,933.0,862.8,896.0,21320.0
2024-05-13,ACLBSL,878.1,944.4,845.0,866.0,48254.0
2024-05-14,ACLBSL,849.1,895.0,826.0,874.1,19819.0
2024-05-15,ACLBSL,879.0,900.0,860.1,900.0,26118.0
2024-05-16,ACLBSL,882.1,955.0,866.0,945.0,37965.0
2024-05-19,ACLBSL,963.9,963.9,926.2,935.6,17948.0
2024-05-20,ACLBSL,954.0,954.0,901.2,905.0,12672.0
2024-05-21,ACLBSL,886.9,960.0,886.9,946.0,25051.0
2024-05-22,ACLBSL,959.9,960.0,930.0,930.0,8146.0
2024-05-26,ACLBSL,914.0,939.0,914.0,915.5,10368.0
2024-05-27,ACLBSL,897.2,951.0,880.0,936.0,8900.0
2024-05-29,ACLBSL,949.9,960.0,920.0,926.0,10137.0
2024-05-30,ACLBSL,911.2,948.5,911.0,911.0,7713.0
2024-06-02,ACLBSL,912.0,947.5,894.1,917.0,4813.0
2024-06-03,ACLBSL,906.1,950.0,906.0,943.0,9295.0
2024-06-04,ACLBSL,955.0,1007.7,938.0,960.0,20884.0
2024-06-05,ACLBSL,975.0,1022.0,961.0,990.0,32005.0
2024-06-06,ACLBSL,1009.8,1028.0,999.0,1010.0,22221.0
2024-06-09,ACLBSL,1011.0,1028.0,965.0,974.0,12926.0
2024-06-10,ACLBSL,961.0,993.4,938.0,992.0,13185.0
2024-06-11,ACLBSL,1011.8,1020.0,976.0,1015.0,9988.0
2024-06-12,ACLBSL,1027.9,1035.0,999.1,1030.0,13859.0
2024-06-13,ACLBSL,1043.0,1043.0,1011.0,1022.0,8814.0
2024-06-16,ACLBSL,1004.0,1015.0,995.0,1000.0,5751.0
2024-06-18,ACLBSL,983.1,998.0,970.0,986.0,5844.0
2024-06-19,ACLBSL,967.0,1005.6,967.0,975.0,4783.0
2024-06-20,ACLBSL,971.0,980.0,964.0,970.0,4418.0
2024-06-23,ACLBSL,989.0,989.0,951.0,955.0,7738.0
2024-06-24,ACLBSL,955.0,1020.0,955.0,1016.0,23302.0
2024-06-25,ACLBSL,1020.0,1050.0,1020.0,1048.5,28884.0
2024-06-26,ACLBSL,1069.4,1094.3,1060.0,1080.0,42037.0
2024-06-27,ACLBSL,1085.0,1085.0,1050.0,1057.9,13028.0
2024-06-30,ACLBSL,1045.0,1055.0,1026.0,1050.0,10878.0
2024-07-01,ACLBSL,1070.0,1070.0,1040.1,1060.0,7535.0
2024-07-02,ACLBSL,1081.2,1166.0,1056.0,1099.9,27454.0
2024-07-03,ACLBSL,1100.0,1120.0,1081.0,1119.0,18672.0
2024-07-04,ACLBSL,1100.0,1229.0,1096.7,1201.0,23177.0
2024-07-07,ACLBSL,1177.0,1295.0,1177.0,1206.0,26451.0
2024-07-08,ACLBSL,1181.9,1256.0,1181.9,1224.0,19903.0
2024-07-09,ACLBSL,1199.6,1271.0,1199.6,1256.0,18833.0
2024-07-10,ACLBSL,1281.1,1281.1,1208.0,1216.0,17811.0
2024-07-11,ACLBSL,1235.0,1235.0,1190.0,1192.5,17698.0
2024-07-14,ACLBSL,1216.0,1260.0,1196.5,1245.0,20004.0
2024-07-15,ACLBSL,1269.9,1269.9,1201.0,1230.0,20072.0
2024-07-16,ACLBSL,1215.0,1320.0,1210.0,1289.0,23601.0
2024-07-17,ACLBSL,1263.3,1417.9,1240.0,1415.0,27966.0
2024-07-18,ACLBSL,1386.7,1491.0,1308.0,1400.0,29060.0
2024-07-21,ACLBSL,1372.0,1479.0,1321.0,1396.0,15195.0
2024-07-22,ACLBSL,1370.0,1370.2,1330.0,1365.0,16117.0
2024-07-23,ACLBSL,1392.0,1440.0,1301.4,1320.9,21655.0
2024-07-24,ACLBSL,1305.0,1442.0,1295.0,1442.0,21156.0
2024-07-25,ACLBSL,1413.2,1413.2,1304.4,1390.0,26140.0
2024-07-28,ACLBSL,1362.2,1468.0,1310.0,1360.6,15094.0
2024-07-29,ACLBSL,1333.4,1333.5,1239.7,1247.0,23294.0
2024-07-30,ACLBSL,1222.1,1309.6,1210.3,1284.0,19334.0
2024-07-31,ACLBSL,1270.0,1280.0,1245.0,1250.0,12979.0
2024-08-01,ACLBSL,1275.0,1300.0,1219.0,1224.0,16812.0
2024-08-05,ACLBSL,1224.0,1224.0,1167.1,1193.0,18026.0
2024-08-06,ACLBSL,1170.0,1200.0,1098.6,1200.0,15810.0
2024-08-07,ACLBSL,1176.0,1294.0,1151.5,1294.0,15265.0
2024-08-08,ACLBSL,1295.0,1295.0,1221.0,1230.2,10737.0
2024-08-11,ACLBSL,1250.0,1324.0,1231.0,1270.0,14318.0
2024-08-12,ACLBSL,1244.6,1319.0,1230.0,1250.0,14930.0
2024-08-13,ACLBSL,1225.0,1345.0,1188.0,1269.0,21353.0
2024-08-14,ACLBSL,1243.7,1243.7,1201.0,1225.0,4479.0
2024-08-15,ACLBSL,1220.0,1220.0,1185.0,1189.9,15576.0
2024-08-18,ACLBSL,1189.9,1189.9,1145.0,1145.1,13016.0
2024-08-21,ACLBSL,1131.0,1144.0,1090.0,1109.6,13014.0
2024-08-22,ACLBSL,1100.0,1130.0,1080.0,1130.0,13424.0
2024-08-25,ACLBSL,1131.0,1220.0,1110.0,1170.1,14412.0
2024-08-27,ACLBSL,1193.5,1200.0,1127.0,1170.0,10509.0
2024-08-28,ACLBSL,1170.0,1175.0,1111.1,1144.9,5477.0
2024-08-29,ACLBSL,1130.0,1138.0,1103.0,1138.0,7144.0
2024-09-01,ACLBSL,1117.0,1134.4,1080.0,1081.0,11416.0
2024-09-02,ACLBSL,1100.0,1134.2,1075.0,1134.2,7883.0
2024-09-03,ACLBSL,1134.0,1140.0,1111.0,1116.0,3888.0
2024-09-04,ACLBSL,1120.1,1150.0,1090.0,1095.0,8220.0
2024-09-05,ACLBSL,1080.0,1144.4,1080.0,1115.0,9510.0
2024-09-08,ACLBSL,1137.0,1181.9,1115.0,1143.0,12482.0
2024-09-09,ACLBSL,1155.0,1165.0,1103.7,1104.0,5094.0
2024-09-10,ACLBSL,1120.0,1125.0,1078.0,1081.0,5290.0
2024-09-11,ACLBSL,1075.1,1100.0,1075.1,1077.1,4981.0
2024-09-12,ACLBSL,1077.4,1106.0,1055.0,1089.0,5975.0
2024-09-15,ACLBSL,1110.0,1110.0,1065.4,1066.0,5001.0
2024-09-16,ACLBSL,1066.0,1070.0,1031.0,1031.1,6402.0
2024-09-18,ACLBSL,1021.0,1031.0,1011.0,1011.0,3795.0
2024-09-22,ACLBSL,1025.1,1046.0,1015.0,1018.2,2589.0
2024-09-23,ACLBSL,1012.0,1012.0,986.0,988.1,4591.0
2024-09-24,ACLBSL,988.1,995.0,982.0,982.0,3864.0
2024-09-25,ACLBSL,965.0,999.0,965.0,999.0,3888.0
2024-09-26,ACLBSL,1018.0,1037.0,980.0,999.0,3395.0
2024-09-29,ACLBSL,999.0,1039.0,981.1,985.0,4249.0
2024-09-30,ACLBSL,967.2,1004.0,967.0,1000.0,1254.0
2024-10-01,ACLBSL,1011.0,1033.0,1000.0,1030.0,4519.0
2024-10-02,ACLBSL,1050.0,1050.0,1007.0,1011.0,5324.0
2024-10-06,ACLBSL,1011.0,1050.8,1010.0,1037.5,2047.0
2024-10-07,ACLBSL,1017.0,1058.2,1017.0,1046.0,2281.0
2024-10-08,ACLBSL,1066.9,1066.9,1035.1,1039.7,1081.0
2024-10-09,ACLBSL,1055.0,1059.0,1017.2,1040.1,716.0
2024-10-15,ACLBSL,1025.0,1054.0,1025.0,1052.9,259.0
2024-10-16,ACLBSL,1071.0,1080.0,1045.0,1080.0,5742.0
2024-10-17,ACLBSL,1100.0,1100.0,1061.0,1079.0,1763.0
2024-10-20,ACLBSL,1058.0,1079.0,1040.0,1045.0,2758.0
2024-10-21,ACLBSL,1025.5,1035.0,1020.0,1028.0,1129.0
2024-10-22,ACLBSL,1030.1,1042.0,1020.3,1035.0,904.0
2024-10-23,ACLBSL,1040.0,1050.0,1035.0,1035.0,777.0
2024-10-24,ACLBSL,1025.1,1033.8,1016.0,1033.8,1089.0
2024-10-27,ACLBSL,1033.0,1040.0,1015.5,1015.5,1354.0
2024-10-28,ACLBSL,1025.0,1045.0,1013.0,1016.0,1775.0
2024-10-29,ACLBSL,1019.1,1050.0,1019.1,1042.9,2499.0
2024-10-30,ACLBSL,1026.3,1048.0,1026.3,1048.0,1339.0
2024-11-05,ACLBSL,1068.9,1088.9,1028.0,1034.2,1728.0
2024-11-06,ACLBSL,1025.3,1062.0,1025.3,1056.0,1533.0
2024-11-10,ACLBSL,1057.0,1075.0,1057.0,1067.0,4421.0
2024-11-11,ACLBSL,1088.0,1160.0,1080.3,1131.5,17279.0
2024-11-12,ACLBSL,1108.9,1167.6,1108.9,1131.0,5450.0
2024-11-13,ACLBSL,1132.1,1150.0,1110.0,1125.0,4379.0
2024-11-14,ACLBSL,1130.0,1143.0,1112.0,1120.0,6913.0
2024-11-17,ACLBSL,1142.4,1185.0,1142.4,1154.0,9296.0
2024-11-19,ACLBSL,1175.0,1177.0,1127.0,1127.0,6867.0
2024-11-20,ACLBSL,1115.0,1142.0,1104.5,1130.0,3780.0
2024-11-21,ACLBSL,1144.0,1155.6,1133.0,1138.0,6366.0
2024-11-24,ACLBSL,1120.0,1142.0,1110.0,1129.9,3137.0
2024-11-25,ACLBSL,1113.0,1130.0,1113.0,1116.0,1180.0
2024-11-26,ACLBSL,1137.8,1149.9,1120.0,1140.0,1602.0
2024-11-27,ACLBSL,1145.0,1155.0,1135.0,1140.0,3049.0
2024-11-28,ACLBSL,1160.0,1160.0,1127.0,1131.0,3696.0
2024-12-01,ACLBSL,1119.0,1125.1,1109.0,1125.0,2281.0
2024-12-02,ACLBSL,1124.0,1148.0,1123.1,1130.0,8241.0
2024-12-03,ACLBSL,1139.0,1139.0,1115.0,1129.0,2435.0
2024-12-04,ACLBSL,1117.1,1140.0,1116.0,1124.0,2584.0
2024-12-05,ACLBSL,1115.0,1138.9,1101.2,1103.1,2412.0
2024-12-08,ACLBSL,1085.0,1129.0,1070.0,1070.0,3581.0
2024-12-09,ACLBSL,1070.0,1080.1,1050.1,1071.9,2220.0
2024-12-10,ACLBSL,1072.0,1085.0,1060.1,1061.0,2201.0
2024-12-11,ACLBSL,1060.0,1070.0,1060.0,1067.0,1908.0
2024-12-12,ACLBSL,1045.7,1068.5,1025.0,1030.0,6632.0
2024-12-16,ACLBSL,1010.0,1017.0,1000.0,1002.0,1965.0
2024-12-17,ACLBSL,991.0,1009.9,991.0,1000.0,1370.0
2024-12-18,ACLBSL,1000.0,1040.0,1000.0,1010.0,3859.0
2024-12-19,ACLBSL,1030.2,1048.9,1000.2,1010.0,1206.0
2024-12-22,ACLBSL,1002.0,1007.9,991.0,1000.0,2674.0
2024-12-23,ACLBSL,1000.0,1000.0,986.0,1000.0,2199.0
2024-12-24,ACLBSL,1008.0,1014.9,988.0,1014.9,4298.0
2024-12-26,ACLBSL,1020.0,1040.0,1015.0,1026.0,2188.0
2024-12-29,ACLBSL,1007.0,1064.8,1007.0,1022.0,3436.0
2024-12-31,ACLBSL,1011.0,1033.5,1000.0,1017.0,3222.0
2025-01-01,ACLBSL,1001.0,1039.5,1001.0,1024.0,2060.0
2025-01-02,ACLBSL,1005.0,1034.3,1005.0,1025.0,1845.0
2025-01-05,ACLBSL,1020.1,1035.0,1020.1,1024.0,2741.0
2025-01-06,ACLBSL,1029.0,1029.0,1011.0,1022.0,4445.0
2025-01-07,ACLBSL,1023.0,1028.0,1012.0,1028.0,3926.0
2025-01-08,ACLBSL,1048.0,1050.0,1030.0,1038.7,3941.0
2025-01-09,ACLBSL,1020.0,1045.0,1010.0,1022.0,2529.0
2025-01-12,ACLBSL,1040.0,1040.0,1018.0,1025.0,2522.0
2025-01-13,ACLBSL,1035.0,1035.0,1014.3,1021.2,1483.0
2025-01-15,ACLBSL,1040.0,1040.0,1013.2,1015.0,2100.0
2025-01-16,ACLBSL,1002.0,1020.0,1002.0,1010.0,4320.0
2025-01-19,ACLBSL,1001.0,1014.0,1000.0,1008.0,5288.0
2025-01-20,ACLBSL,1012.0,1035.0,1011.0,1025.0,3326.0
2025-01-21,ACLBSL,1010.0,1035.0,1007.2,1024.9,2334.0
2025-01-22,ACLBSL,1020.0,1040.0,1019.0,1037.0,5467.0
2025-01-23,ACLBSL,1024.0,1044.0,1024.0,1043.9,6822.0
2025-01-26,ACLBSL,1058.0,1147.0,1057.0,1145.0,29986.0
2025-01-27,ACLBSL,1145.0,1162.1,1117.0,1117.0,21196.0
2025-01-28,ACLBSL,1139.0,1162.0,1117.0,1135.0,5846.0
2025-02-02,ACLBSL,1157.7,1230.0,1121.0,1215.0,28870.0
2025-02-03,ACLBSL,1195.0,1232.0,1195.0,1205.5,16330.0
2025-02-04,ACLBSL,1210.0,1214.0,1172.0,1191.0,11519.0
2025-02-05,ACLBSL,1175.0,1195.0,1160.0,1190.0,16040.0
2025-02-06,ACLBSL,1170.0,1200.0,1170.0,1181.1,3525.0
2025-02-09,ACLBSL,1181.1,1200.0,1158.0,1168.5,6593.0
2025-02-10,ACLBSL,1170.0,1170.0,1140.0,1150.0,7482.0
2025-02-11,ACLBSL,1169.0,1169.0,1154.0,1161.0,6982.0
2025-02-12,ACLBSL,1179.0,1193.4,1170.0,1187.9,6357.0
2025-02-13,ACLBSL,1177.0,1195.0,1177.0,1180.0,4041.0
2025-02-16,ACLBSL,1203.0,1216.2,1176.1,1213.0,11747.0
2025-02-17,ACLBSL,1218.0,1275.0,1218.0,1264.0,24231.0
2025-02-18,ACLBSL,1260.0,1284.9,1240.0,1255.0,12306.0
2025-02-20,ACLBSL,1245.1,1280.0,1240.0,1268.0,13622.0
2025-02-23,ACLBSL,1245.0,1269.0,1225.0,1255.0,17352.0
2025-02-24,ACLBSL,1256.0,1280.0,1231.0,1231.0,14249.0
2025-02-25,ACLBSL,1239.0,1250.0,1222.0,1245.0,7397.0
2025-02-27,ACLBSL,1250.0,1269.0,1224.0,1230.0,6508.0
2025-03-02,ACLBSL,1230.1,1243.9,1224.0,1237.9,5035.0
2025-03-03,ACLBSL,1245.0,1245.0,1211.1,1224.0,7461.0
2025-03-04,ACLBSL,1207.1,1210.0,1160.0,1166.0,12005.0
2025-03-05,ACLBSL,1148.0,1170.0,1148.0,1160.0,4584.0
2025-03-06,ACLBSL,1151.0,1199.0,1151.0,1179.0,4685.0
2025-03-09,ACLBSL,1170.0,1175.0,1140.0,1149.0,4793.0
2025-03-10,ACLBSL,1145.0,1169.0,1140.0,1140.0,2775.0
2025-03-11,ACLBSL,1121.1,1136.0,1099.7,1100.0,5630.0
2025-03-12,ACLBSL,1089.0,1122.0,1089.0,1120.0,2774.0
2025-03-16,ACLBSL,1142.4,1142.4,1098.0,1105.0,2377.0
2025-03-17,ACLBSL,1114.0,1126.9,1112.0,1115.0,919.0
2025-03-18,ACLBSL,1115.0,1137.3,1105.1,1110.0,2121.0
2025-03-19,ACLBSL,1110.0,1131.5,1095.2,1100.0,3825.0
2025-03-20,ACLBSL,1101.0,1115.0,1095.4,1097.6,1297.0
2025-03-23,ACLBSL,1077.3,1080.0,1030.0,1049.94,6313.0
2025-03-24,ACLBSL,1031.0,1075.0,1031.0,1060.09,2325.0
2025-03-25,ACLBSL,1060.0,1060.0,1039.0,1039.38,2092.0
2025-03-26,ACLBSL,1021.0,1050.0,1021.0,1048.0,2042.0
2025-03-27,ACLBSL,1055.0,1097.59,1050.0,1089.65,4724.0
2025-03-30,ACLBSL,1069.0,1125.0,1068.0,1105.0,3466.0
2025-04-01,ACLBSL,1085.0,1090.0,1070.0,1083.49,3625.0
2025-04-02,ACLBSL,1104.0,1117.9,1083.0,1097.33,1613.0
2025-04-03,ACLBSL,1077.0,1108.9,1077.0,1080.24,2966.0
2025-04-07,ACLBSL,1101.8,1101.8,1053.0,1055.24,4066.0
2025-04-08,ACLBSL,1045.0,1060.0,1036.0,1050.76,2869.0
2025-04-09,ACLBSL,1051.0,1088.9,1051.0,1055.9,1700.0
2025-04-10,ACLBSL,1070.0,1076.09,1046.59,1073.5,3115.0
2025-04-13,ACLBSL,1080.0,1094.0,1055.2,1067.03,2684.0
2025-04-15,ACLBSL,1060.0,1088.3,1057.09,1066.0,769.0
2025-04-16,ACLBSL,1087.0,1087.3,1060.0,1067.98,993.0
2025-04-17,ACLBSL,1052.0,1087.0,1052.0,1079.0,3268.0
2025-04-20,ACLBSL,1061.0,1095.0,1060.0,1073.71,765.0
2025-04-21,ACLBSL,1089.9,1089.9,1059.0,1078.54,4105.0
2025-04-22,ACLBSL,1061.0,1080.0,1061.0,1074.8,1821.0
2025-04-23,ACLBSL,1063.5,1064.0,1060.0,1060.0,745.0
2025-04-24,ACLBSL,1045.1,1059.0,1045.1,1054.72,595.0
2025-04-27,ACLBSL,1060.0,1080.0,1035.0,1046.21,2275.0
2025-04-28,ACLBSL,1035.0,1070.0,1030.0,1039.22,1327.0
2025-04-29,ACLBSL,1020.1,1045.0,1020.1,1026.23,1516.0
2025-04-30,ACLBSL,1026.0,1040.9,1000.0,1010.1,3098.0
2025-05-04,ACLBSL,1020.0,1020.0,1000.0,1009.44,2211.0
2025-05-05,ACLBSL,1020.0,1040.0,1010.0,1013.91,1890.0
2025-05-06,ACLBSL,1014.0,1020.0,1013.9,1015.41,2195.0
2025-05-07,ACLBSL,1011.0,1045.0,1001.0,1043.97,2187.0
2025-05-08,ACLBSL,1064.0,1084.0,1024.0,1046.02,1460.0
2025-05-11,ACLBSL,1066.0,1091.0,1036.0,1040.0,2466.0
2025-05-13,ACLBSL,1040.0,1050.0,1031.0,1033.03,709.0
2025-05-14,ACLBSL,1020.1,1031.0,1020.1,1025.71,1683.0
2025-05-15,ACLBSL,1014.1,1046.2,1013.0,1016.72,2629.0
2025-05-18,ACLBSL,1015.0,1052.0,1015.0,1033.95,1662.0
2025-05-19,ACLBSL,1049.0,1049.0,1034.0,1036.2,2154.0
2025-05-20,ACLBSL,1056.0,1056.0,1035.0,1054.94,2696.0
2025-05-21,ACLBSL,1076.0,1096.0,1050.0,1050.0,1781.0
2025-05-22,ACLBSL,1050.0,1084.0,1034.0,1080.33,3580.0
2025-05-25,ACLBSL,1080.0,1123.0,1080.0,1108.15,6334.0
2025-05-26,ACLBSL,1130.0,1152.0,1100.0,1100.0,3984.0
2025-05-27,ACLBSL,1078.1,1089.9,1078.0,1078.91,2161.0
2025-05-28,ACLBSL,1057.4,1080.0,1040.2,1075.19,1787.0
2025-06-02,ACLBSL,1096.6,1096.6,1064.5,1075.66,1235.0
2025-06-03,ACLBSL,1055.5,1075.0,1043.0,1049.88,1730.0
2025-06-04,ACLBSL,1029.0,1065.0,1029.0,1050.0,627.0
2025-06-05,ACLBSL,1032.0,1070.0,1029.1,1043.14,1219.0
2025-06-08,ACLBSL,1025.2,1045.0,1025.0,1040.06,1285.0
2025-06-09,ACLBSL,1040.7,1050.0,1035.0,1040.39,679.0
2025-06-10,ACLBSL,1040.0,1060.0,1040.0,1053.74,1222.0
2025-06-11,ACLBSL,1073.0,1073.0,1035.0,1036.0,2325.0
2025-06-12,ACLBSL,1026.5,1047.6,1026.5,1029.52,3272.0
2025-06-15,ACLBSL,1010.3,1040.2,1010.3,1024.2,1417.0
2025-06-16,ACLBSL,1010.0,1050.0,1010.0,1040.54,4120.0
2025-06-17,ACLBSL,1030.1,1062.9,1030.1,1057.85,2431.0
2025-06-18,ACLBSL,1059.0,1060.0,1041.0,1044.31,716.0
2025-06-19,ACLBSL,1030.0,1049.0,1021.0,1025.93,1973.0
2025-06-22,ACLBSL,1011.1,1031.3,1011.1,1020.38,1905.0
2025-06-23,ACLBSL,1021.0,1021.0,1005.0,1010.7,2649.0
2025-06-24,ACLBSL,1030.9,1032.0,1017.0,1018.0,472.0
2025-06-25,ACLBSL,1010.0,1020.0,1010.0,1018.89,501.0
2025-06-26,ACLBSL,1015.0,1022.0,1011.2,1013.19,1372.0
2025-06-29,ACLBSL,1015.0,1030.0,1011.4,1025.58,2290.0
2025-06-30,ACLBSL,1045.0,1048.9,1031.4,1035.0,1394.0
2025-07-01,ACLBSL,1040.0,1071.0,1033.0,1063.91,4386.0
2025-07-02,ACLBSL,1079.9,1079.9,1061.0,1061.3,2824.0
2025-07-03,ACLBSL,1060.0,1065.0,1043.0,1049.9,3984.0
2025-07-06,ACLBSL,1035.0,1057.9,1035.0,1048.12,1676.0
2025-07-07,ACLBSL,1040.0,1050.0,1040.0,1043.96,2618.0
2025-07-08,ACLBSL,1040.0,1045.0,1036.0,1037.99,1386.0
2025-07-09,ACLBSL,1036.0,1050.0,1036.0,1045.42,1407.0
2025-07-10,ACLBSL,1066.0,1134.0,1047.0,1092.49,4588.0
2025-07-13,ACLBSL,1114.3,1140.0,1097.0,1111.54,5650.0
2025-07-14,ACLBSL,1095.0,1099.0,1071.2,1079.59,3929.0
2025-07-15,ACLBSL,1099.0,1105.0,1077.1,1100.18,2298.0
2025-07-16,ACLBSL,1080.2,1110.0,1080.2,1087.41,3207.0
2025-07-17,ACLBSL,1095.0,1153.0,1091.0,1109.86,7100.0
2025-07-20,ACLBSL,1092.0,1145.0,1091.0,1113.27,7125.0
2025-07-21,ACLBSL,1113.0,1135.0,1101.0,1126.37,3966.0
2025-07-22,ACLBSL,1127.0,1177.0,1126.0,1164.18,10018.0
2025-07-23,ACLBSL,1155.0,1159.0,1130.3,1144.89,7969.0
2025-07-24,ACLBSL,1150.0,1218.9,1150.0,1207.8,18138.0
2025-07-27,ACLBSL,1200.0,1233.8,1185.0,1188.0,12680.0
2025-07-28,ACLBSL,1200.0,1201.0,1140.09,1168.99,8987.0
2025-07-29,ACLBSL,1192.3,1235.0,1175.0,1204.17,12724.0
2025-07-30,ACLBSL,1228.0,1240.0,1178.1,1182.39,17568.0
2025-07-31,ACLBSL,1202.0,1202.0,1160.0,1161.15,6182.0
2025-08-03,ACLBSL,1161.5,1161.5,1112.2,1118.47,5807.0
2025-08-04,ACLBSL,1118.0,1139.0,1100.0,1118.73,2440.0
2025-08-05,ACLBSL,1100.0,1141.0,1100.0,1114.58,5003.0
2025-08-06,ACLBSL,1135.0,1150.0,1116.0,1141.11,3595.0
2025-08-07,ACLBSL,1143.2,1172.0,1143.0,1159.23,3707.0
2025-08-11,ACLBSL,1175.0,1175.0,1118.0,1119.27,2019.0
2025-08-12,ACLBSL,1140.0,1140.0,1103.0,1111.05,1771.0
2025-08-13,ACLBSL,1100.0,1116.0,1095.0,1113.01,1602.0
2025-08-14,ACLBSL,1101.0,1123.0,1101.0,1108.04,796.0
2025-08-17,ACLBSL,1100.0,1115.0,1087.0,1088.94,1045.0
2025-08-18,ACLBSL,1105.0,1105.0,1083.0,1083.0,2080.0
2025-08-19,ACLBSL,1083.0,1100.0,1080.1,1088.33,1353.0
2025-08-20,ACLBSL,1088.1,1088.1,1081.0,1081.57,678.0
2025-08-21,ACLBSL,1081.0,1085.0,1065.0,1070.26,1196.0
2025-08-24,ACLBSL,1070.0,1157.0,1070.0,1086.97,1209.0
2025-08-25,ACLBSL,1108.7,1130.0,1087.0,1094.5,984.0
2025-08-26,ACLBSL,1100.0,1100.0,1082.0,1083.33,577.0
2025-08-27,ACLBSL,1081.0,1100.0,1070.0,1093.78,2163.0
2025-08-28,ACLBSL,1075.0,1094.0,1072.0,1078.55,1757.0
2025-08-31,ACLBSL,1077.0,1098.0,1061.0,1070.0,1097.0
2025-09-01,ACLBSL,1070.0,1084.0,1061.1,1061.4,1335.0
2025-09-02,ACLBSL,1061.4,1079.0,1051.1,1051.68,2023.0
2025-09-03,ACLBSL,1055.0,1055.0,1044.0,1045.09,1309.0
2025-09-04,ACLBSL,1030.0,1050.6,1030.0,1035.0,935.0
2025-09-07,ACLBSL,1020.0,1045.5,1020.0,1028.1,819.0
2025-09-08,ACLBSL,1024.0,1044.4,1010.0,1016.64,1751.0
2025-09-18,ACLBSL,996.4,997.0,970.0,970.0,175.0
2025-09-21,ACLBSL,955.0,1041.0,950.0,1029.09,4204.0
2025-09-23,ACLBSL,1044.0,1058.0,1038.0,1057.9,1480.0
2025-09-24,ACLBSL,1037.1,1057.0,1031.0,1032.0,841.0
2025-09-25,ACLBSL,1025.0,1036.0,1023.1,1024.0,482.0
2025-09-28,ACLBSL,1021.0,1045.0,1021.0,1045.0,448.0
2025-10-07,ACLBSL,1028.1,1045.0,1007.5,1008.1,1247.0
2025-10-08,ACLBSL,1008.0,1010.0,988.0,1008.0,2651.0
2025-10-09,ACLBSL,1028.0,1059.0,1010.0,1010.3,2573.0
2025-10-12,ACLBSL,994.0,1010.0,977.3,982.0,2334.0
2025-10-13,ACLBSL,982.0,1000.0,970.0,1000.0,2096.0
2025-10-14,ACLBSL,1000.0,1000.0,980.0,980.1,885.0
2025-10-15,ACLBSL,998.0,998.0,978.1,984.0,752.0
2025-10-16,ACLBSL,970.0,986.0,968.1,970.0,906.0
2025-10-19,ACLBSL,970.0,970.1,965.0,970.0,2231.0
2025-10-26,ACLBSL,960.0,979.0,960.0,975.0,943.0
2025-10-28,ACLBSL,965.0,999.0,951.0,999.0,1573.0
2025-10-29,ACLBSL,990.0,1020.0,980.0,994.0,3002.0
2025-10-30,ACLBSL,994.0,1010.0,980.0,1008.0,825.0
2025-11-02,ACLBSL,1009.0,1049.5,1009.0,1035.0,2431.0
2025-11-03,ACLBSL,1055.0,1055.0,1015.0,1020.0,919.0
2025-11-04,ACLBSL,1039.0,1040.0,1007.0,1007.0,800.0
2025-11-05,ACLBSL,1026.0,1026.0,998.3,1011.0,1983.0
2025-11-06,ACLBSL,1030.0,1030.0,996.0,1020.0,904.0
2025-11-09,ACLBSL,1020.0,1020.0,999.0,999.0,902.0
2025-11-10,ACLBSL,990.5,1010.0,990.4,1005.0,689.0
2025-11-11,ACLBSL,988.8,1000.0,988.8,995.1,315.0
2025-11-12,ACLBSL,976.2,1019.8,976.2,995.0,736.0
2025-11-13,ACLBSL,979.2,995.0,979.2,994.0,617.0
2025-11-16,ACLBSL,975.3,990.0,975.3,979.0,1839.0
2025-11-17,ACLBSL,971.0,989.0,971.0,989.0,1572.0
2025-11-18,ACLBSL,972.3,1001.0,972.3,985.0,1194.0
2025-11-19,ACLBSL,982.0,1001.0,975.7,978.5,789.0
2025-11-20,ACLBSL,996.0,996.0,975.2,989.0,443.0
2025-11-23,ACLBSL,1008.0,1008.0,989.0,1006.0,1533.0
2025-11-24,ACLBSL,1020.0,1030.0,1005.0,1010.2,1548.0
2025-11-25,ACLBSL,1020.0,1028.0,1010.0,1011.1,973.0
2025-11-26,ACLBSL,1007.0,1024.0,1007.0,1011.0,1713.0
2025-11-27,ACLBSL,1017.0,1025.0,1016.0,1018.0,1706.0
2025-11-30,ACLBSL,1037.9,1038.3,1005.0,1010.0,1620.0
2025-12-01,ACLBSL,1010.0,1024.9,996.0,1024.9,1541.0
2025-12-02,ACLBSL,1011.0,1030.0,1011.0,1015.5,732.0
2025-12-03,ACLBSL,1017.0,1025.0,1010.0,1010.0,2459.0
2025-12-07,ACLBSL,1000.0,1000.0,985.6,990.0,4504.0
2025-12-08,ACLBSL,990.0,990.0,981.0,990.0,1478.0
2025-12-09,ACLBSL,1009.0,1009.0,990.0,991.5,258.0
2025-12-10,ACLBSL,988.1,988.5,980.2,982.0,1583.0
2025-12-11,ACLBSL,980.0,999.6,980.0,991.0,727.0
2025-12-14,ACLBSL,971.2,971.2,934.0,948.0,6375.0
2025-12-15,ACLBSL,948.0,951.5,935.1,939.0,1431.0
2025-12-16,ACLBSL,939.0,949.0,935.1,948.9,2262.0
2025-12-17,ACLBSL,949.0,949.0,939.0,939.0,3982.0
2025-12-18,ACLBSL,925.0,938.0,923.0,930.0,2808.0
2025-12-21,ACLBSL,925.0,930.0,910.0,911.0,3178.0
2025-12-22,ACLBSL,903.1,911.0,903.1,911.0,2079.0
2025-12-23,ACLBSL,911.0,911.0,900.0,905.0,419.0
2025-12-29,ACLBSL,926.0,933.0,926.0,930.0,2153.0
2025-12-31,ACLBSL,930.0,944.5,925.2,943.0,1088.0
2026-01-01,ACLBSL,945.0,945.0,912.1,925.0,2092.0
2026-01-04,ACLBSL,930.0,930.0,915.0,920.0,574.0
2026-01-05,ACLBSL,908.0,937.0,908.0,931.0,636.0
2026-01-06,ACLBSL,917.1,944.0,917.1,930.0,1106.0
2026-01-07,ACLBSL,920.0,935.0,920.0,935.0,891.0
2026-01-08,ACLBSL,944.0,944.0,918.0,936.0,761.0
2026-01-12,ACLBSL,921.0,965.0,921.0,965.0,4557.0
2026-01-13,ACLBSL,945.7,960.0,910.0,960.0,2421.0
2026-01-14,ACLBSL,940.8,990.0,940.8,969.2,1016.0
2025-12-24,ACLBSL,905.0,916.0,900.2,907.3,13.0
2025-12-28,ACLBSL,905.0,935.9,905.0,935.9,5212.0
2026-01-18,ACLBSL,987.9,987.9,949.9,958.0,6706.0
2026-01-20,ACLBSL,965.0,980.0,960.1,970.0,1765.0
2026-01-21,ACLBSL,970.0,970.0,956.1,960.0,1378.0
2026-01-22,ACLBSL,950.8,956.9,947.0,951.5,3209.0
2026-01-25,ACLBSL,970.0,1028.0,947.3,980.0,5458.0
2026-01-26,ACLBSL,967.3,980.0,967.3,980.0,843.0
2026-01-27,ACLBSL,966.0,981.0,955.0,955.0,4019.0
2026-01-28,ACLBSL,940.0,974.0,940.0,958.0,1909.0
2026-01-29,ACLBSL,965.0,965.0,947.2,951.0,2466.0
2026-02-01,ACLBSL,940.2,1008.0,940.0,950.0,3319.0
2026-02-02,ACLBSL,968.0,1006.0,950.0,950.0,2295.0
2026-02-03,ACLBSL,968.0,969.0,943.0,943.0,3218.0
2026-02-04,ACLBSL,961.8,961.8,944.1,954.5,359.0
2026-02-05,ACLBSL,970.0,1049.9,945.2,960.0,7492.0
2026-02-08,ACLBSL,979.2,998.0,965.0,987.0,8879.0
2026-02-09,ACLBSL,1004.0,1024.0,960.2,994.0,1191.0
2026-02-10,ACLBSL,1013.8,1013.8,960.1,979.0,2125.0
2026-02-11,ACLBSL,968.0,986.0,955.0,986.0,2724.0
2026-02-12,ACLBSL,968.2,980.0,951.0,970.0,1332.0
2026-02-16,ACLBSL,980.0,980.0,942.1,959.9,1356.0
2026-02-17,ACLBSL,943.0,1017.0,943.0,1017.0,3682.0
